Catalyst,Imine,Thiol,Product,Output
O=P1(O)OC2=C([Si](C3=CC=CC=C3)(C4=CC=CC=C4)C5=CC=CC=C5)C=C6C(CCCC6)=C2C7=C(O1)C([Si](C8=CC=CC=C8)(C9=CC=CC=C9)C%10=CC=CC=C%10)=CC%11=C7CCCC%11,O=C(C1=CC=CC=C1)/N=C/C2=CC=C(C(F)(F)F)C=C2,CCS,O=C(NC(SCC)c1ccc(C(F)(F)F)cc1)c2ccccc2,0
O=P1(O)OC2=C([Si](C3=CC=CC=C3)(C4=CC=CC=C4)C5=CC=CC=C5)C=C6C(CCCC6)=C2C7=C(O1)C([Si](C8=CC=CC=C8)(C9=CC=CC=C9)C%10=CC=CC=C%10)=CC%11=C7CCCC%11,O=C(C1=CC=CC=C1)/N=C/C2=CC=C(C(F)(F)F)C=C2,SC1=CC=C(OC)C=C1,O=C(NC(Sc1ccc(OC)cc1)c2ccc(C(F)(F)F)cc2)c3ccccc3,0.118834511
O=P1(O)OC2=C([Si](C3=CC=CC=C3)(C4=CC=CC=C4)C5=CC=CC=C5)C=C6C(CCCC6)=C2C7=C(O1)C([Si](C8=CC=CC=C8)(C9=CC=CC=C9)C%10=CC=CC=C%10)=CC%11=C7CCCC%11,O=C(C1=CC=CC=C1)/N=C/C2=CC=C(C(F)(F)F)C=C2,SC1=CC=CC=C1,O=C(NC(Sc1ccccc1)c2ccc(C(F)(F)F)cc2)c3ccccc3,0.142812956
O=P1(O)OC2=C([Si](C3=CC=CC=C3)(C4=CC=CC=C4)C5=CC=CC=C5)C=C6C(CCCC6)=C2C7=C(O1)C([Si](C8=CC=CC=C8)(C9=CC=CC=C9)C%10=CC=CC=C%10)=CC%11=C7CCCC%11,O=C(C1=CC=CC=C1)/N=C/C2=CC=C(C(F)(F)F)C=C2,SC1=CC=CC=C1C,O=C(NC(Sc1ccccc1C)c2ccc(C(F)(F)F)cc2)c3ccccc3,0.142812956
O=P1(O)OC2=C([Si](C3=CC=CC=C3)(C4=CC=CC=C4)C5=CC=CC=C5)C=C6C(CCCC6)=C2C7=C(O1)C([Si](C8=CC=CC=C8)(C9=CC=CC=C9)C%10=CC=CC=C%10)=CC%11=C7CCCC%11,O=C(C1=CC=CC=C1)/N=C/C2=CC=C(C(F)(F)F)C=C2,SC1CCCCC1,O=C(NC(SC1CCCCC1)c2ccc(C(F)(F)F)cc2)c3ccccc3,0.023690626
O=P1(O)OC2=C([Si](C3=CC=CC=C3)(C4=CC=CC=C4)C5=CC=CC=C5)C=C6C(CCCC6)=C2C7=C(O1)C([Si](C8=CC=CC=C8)(C9=CC=CC=C9)C%10=CC=CC=C%10)=CC%11=C7CCCC%11,O=C(C1=CC=CC=C1)/N=C/C2=CC=C(Cl)C=C2Cl,CCS,Clc1cc(Cl)c(C(SCC)NC(c2ccccc2)=O)cc1,0.023690626
O=P1(O)OC2=C([Si](C3=CC=CC=C3)(C4=CC=CC=C4)C5=CC=CC=C5)C=C6C(CCCC6)=C2C7=C(O1)C([Si](C8=CC=CC=C8)(C9=CC=CC=C9)C%10=CC=CC=C%10)=CC%11=C7CCCC%11,O=C(C1=CC=CC=C1)/N=C/C2=CC=C(Cl)C=C2Cl,SC1=CC=C(OC)C=C1,Clc1cc(Cl)c(C(Sc2ccc(OC)cc2)NC(c3ccccc3)=O)cc1,0.118834511
O=P1(O)OC2=C([Si](C3=CC=CC=C3)(C4=CC=CC=C4)C5=CC=CC=C5)C=C6C(CCCC6)=C2C7=C(O1)C([Si](C8=CC=CC=C8)(C9=CC=CC=C9)C%10=CC=CC=C%10)=CC%11=C7CCCC%11,O=C(C1=CC=CC=C1)/N=C/C2=CC=C(Cl)C=C2Cl,SC1=CC=CC=C1,Clc1cc(Cl)c(C(Sc2ccccc2)NC(c3ccccc3)=O)cc1,0.09495278
O=P1(O)OC2=C([Si](C3=CC=CC=C3)(C4=CC=CC=C4)C5=CC=CC=C5)C=C6C(CCCC6)=C2C7=C(O1)C([Si](C8=CC=CC=C8)(C9=CC=CC=C9)C%10=CC=CC=C%10)=CC%11=C7CCCC%11,O=C(C1=CC=CC=C1)/N=C/C2=CC=C(Cl)C=C2Cl,SC1=CC=CC=C1C,Clc1cc(Cl)c(C(Sc2ccccc2C)NC(c3ccccc3)=O)cc1,0.118834511
O=P1(O)OC2=C([Si](C3=CC=CC=C3)(C4=CC=CC=C4)C5=CC=CC=C5)C=C6C(CCCC6)=C2C7=C(O1)C([Si](C8=CC=CC=C8)(C9=CC=CC=C9)C%10=CC=CC=C%10)=CC%11=C7CCCC%11,O=C(C1=CC=CC=C1)/N=C/C2=CC=C(Cl)C=C2Cl,SC1CCCCC1,Clc1cc(Cl)c(C(SC2CCCCC2)NC(c3ccccc3)=O)cc1,-0.023690626
O=P1(O)OC2=C([Si](C3=CC=CC=C3)(C4=CC=CC=C4)C5=CC=CC=C5)C=C6C(CCCC6)=C2C7=C(O1)C([Si](C8=CC=CC=C8)(C9=CC=CC=C9)C%10=CC=CC=C%10)=CC%11=C7CCCC%11,O=C(C1=CC=CC=C1)/N=C/C2=CC=C(OC)C=C2,CCS,COc1ccc(C(SCC)NC(c2ccccc2)=O)cc1,-0.023690626
O=P1(O)OC2=C([Si](C3=CC=CC=C3)(C4=CC=CC=C4)C5=CC=CC=C5)C=C6C(CCCC6)=C2C7=C(O1)C([Si](C8=CC=CC=C8)(C9=CC=CC=C9)C%10=CC=CC=C%10)=CC%11=C7CCCC%11,O=C(C1=CC=CC=C1)/N=C/C2=CC=C(OC)C=C2,SC1=CC=C(OC)C=C1,COc1ccc(C(Sc2ccc(OC)cc2)NC(c3ccccc3)=O)cc1,0.191142101
O=P1(O)OC2=C([Si](C3=CC=CC=C3)(C4=CC=CC=C4)C5=CC=CC=C5)C=C6C(CCCC6)=C2C7=C(O1)C([Si](C8=CC=CC=C8)(C9=CC=CC=C9)C%10=CC=CC=C%10)=CC%11=C7CCCC%11,O=C(C1=CC=CC=C1)/N=C/C2=CC=C(OC)C=C2,SC1=CC=CC=C1,COc1ccc(C(Sc2ccccc2)NC(c3ccccc3)=O)cc1,0.240111033
O=P1(O)OC2=C([Si](C3=CC=CC=C3)(C4=CC=CC=C4)C5=CC=CC=C5)C=C6C(CCCC6)=C2C7=C(O1)C([Si](C8=CC=CC=C8)(C9=CC=CC=C9)C%10=CC=CC=C%10)=CC%11=C7CCCC%11,O=C(C1=CC=CC=C1)/N=C/C2=CC=C(OC)C=C2,SC1=CC=CC=C1C,COc1ccc(C(Sc2ccccc2C)NC(c3ccccc3)=O)cc1,0.166908496
O=P1(O)OC2=C([Si](C3=CC=CC=C3)(C4=CC=CC=C4)C5=CC=CC=C5)C=C6C(CCCC6)=C2C7=C(O1)C([Si](C8=CC=CC=C8)(C9=CC=CC=C9)C%10=CC=CC=C%10)=CC%11=C7CCCC%11,O=C(C1=CC=CC=C1)/N=C/C2=CC=C(OC)C=C2,SC1CCCCC1,COc1ccc(C(SC2CCCCC2)NC(c3ccccc3)=O)cc1,0
O=P1(O)OC2=C([Si](C3=CC=CC=C3)(C4=CC=CC=C4)C5=CC=CC=C5)C=C6C(CCCC6)=C2C7=C(O1)C([Si](C8=CC=CC=C8)(C9=CC=CC=C9)C%10=CC=CC=C%10)=CC%11=C7CCCC%11,O=C(C1=CC=CC=C1)/N=C/C2=CC=CC=C2,CCS,O=C(NC(SCC)c1ccccc1)c2ccccc2,0.047400225
O=P1(O)OC2=C([Si](C3=CC=CC=C3)(C4=CC=CC=C4)C5=CC=CC=C5)C=C6C(CCCC6)=C2C7=C(O1)C([Si](C8=CC=CC=C8)(C9=CC=CC=C9)C%10=CC=CC=C%10)=CC%11=C7CCCC%11,O=C(C1=CC=CC=C1)/N=C/C2=CC=CC=C2,SC1=CC=C(OC)C=C1,O=C(NC(Sc1ccc(OC)cc1)c2ccccc2)c3ccccc3,0.240111033
O=P1(O)OC2=C([Si](C3=CC=CC=C3)(C4=CC=CC=C4)C5=CC=CC=C5)C=C6C(CCCC6)=C2C7=C(O1)C([Si](C8=CC=CC=C8)(C9=CC=CC=C9)C%10=CC=CC=C%10)=CC%11=C7CCCC%11,O=C(C1=CC=CC=C1)/N=C/C2=CC=CC=C2,SC1=CC=CC=C1,O=C(NC(Sc1ccccc1)c2ccccc2)c3ccccc3,0.191142101
O=P1(O)OC2=C([Si](C3=CC=CC=C3)(C4=CC=CC=C4)C5=CC=CC=C5)C=C6C(CCCC6)=C2C7=C(O1)C([Si](C8=CC=CC=C8)(C9=CC=CC=C9)C%10=CC=CC=C%10)=CC%11=C7CCCC%11,O=C(C1=CC=CC=C1)/N=C/C2=CC=CC=C2,SC1=CC=CC=C1C,O=C(NC(Sc1ccccc1C)c2ccccc2)c3ccccc3,0.118834511
O=P1(O)OC2=C([Si](C3=CC=CC=C3)(C4=CC=CC=C4)C5=CC=CC=C5)C=C6C(CCCC6)=C2C7=C(O1)C([Si](C8=CC=CC=C8)(C9=CC=CC=C9)C%10=CC=CC=C%10)=CC%11=C7CCCC%11,O=C(C1=CC=CC=C1)/N=C/C2=CC=CC=C2,SC1CCCCC1,O=C(NC(SC1CCCCC1)c2ccccc2)c3ccccc3,0.047400225
O=P1(O)OC2=C([Si](C3=CC=CC=C3)(C4=CC=CC=C4)C5=CC=CC=C5)C=C6C(CCCC6)=C2C7=C(O1)C([Si](C8=CC=CC=C8)(C9=CC=CC=C9)C%10=CC=CC=C%10)=CC%11=C7CCCC%11,O=C(C1=CC=CC=C1)/N=C/C2=CC=CC3=C2C=CC=C3,CCS,O=C(NC(SCC)c1cccc2ccccc12)c3ccccc3,0.023690626
O=P1(O)OC2=C([Si](C3=CC=CC=C3)(C4=CC=CC=C4)C5=CC=CC=C5)C=C6C(CCCC6)=C2C7=C(O1)C([Si](C8=CC=CC=C8)(C9=CC=CC=C9)C%10=CC=CC=C%10)=CC%11=C7CCCC%11,O=C(C1=CC=CC=C1)/N=C/C2=CC=CC3=C2C=CC=C3,SC1=CC=C(OC)C=C1,O=C(NC(Sc1ccc(OC)cc1)c2cccc3ccccc23)c4ccccc4,0.118834511
O=P1(O)OC2=C([Si](C3=CC=CC=C3)(C4=CC=CC=C4)C5=CC=CC=C5)C=C6C(CCCC6)=C2C7=C(O1)C([Si](C8=CC=CC=C8)(C9=CC=CC=C9)C%10=CC=CC=C%10)=CC%11=C7CCCC%11,O=C(C1=CC=CC=C1)/N=C/C2=CC=CC3=C2C=CC=C3,SC1=CC=CC=C1,O=C(NC(Sc1ccccc1)c2cccc3ccccc23)c4ccccc4,0.191142101
O=P1(O)OC2=C([Si](C3=CC=CC=C3)(C4=CC=CC=C4)C5=CC=CC=C5)C=C6C(CCCC6)=C2C7=C(O1)C([Si](C8=CC=CC=C8)(C9=CC=CC=C9)C%10=CC=CC=C%10)=CC%11=C7CCCC%11,O=C(C1=CC=CC=C1)/N=C/C2=CC=CC3=C2C=CC=C3,SC1=CC=CC=C1C,O=C(NC(Sc1c(C)cccc1)c2cccc3ccccc23)c4ccccc4,0.142812956
O=P1(O)OC2=C([Si](C3=CC=CC=C3)(C4=CC=CC=C4)C5=CC=CC=C5)C=C6C(CCCC6)=C2C7=C(O1)C([Si](C8=CC=CC=C8)(C9=CC=CC=C9)C%10=CC=CC=C%10)=CC%11=C7CCCC%11,O=C(C1=CC=CC=C1)/N=C/C2=CC=CC3=C2C=CC=C3,SC1CCCCC1,O=C(NC(SC1CCCCC1)c2cccc3ccccc23)c4ccccc4,0.047400225
O=P1(O)OC2=C(Br)C=C3C(CCCC3)=C2C4=C(O1)C(Br)=CC5=C4CCCC5,O=C(C1=CC=CC=C1)/N=C/C2=CC=C(C(F)(F)F)C=C2,CCS,O=C(NC(SCC)c1ccc(C(F)(F)F)cc1)c2ccccc2,-0.118834511
O=P1(O)OC2=C(Br)C=C3C(CCCC3)=C2C4=C(O1)C(Br)=CC5=C4CCCC5,O=C(C1=CC=CC=C1)/N=C/C2=CC=C(C(F)(F)F)C=C2,SC1=CC=C(OC)C=C1,O=C(NC(Sc1ccc(OC)cc1)c2ccc(C(F)(F)F)cc2)c3ccccc3,0.240111033
O=P1(O)OC2=C(Br)C=C3C(CCCC3)=C2C4=C(O1)C(Br)=CC5=C4CCCC5,O=C(C1=CC=CC=C1)/N=C/C2=CC=C(C(F)(F)F)C=C2,SC1=CC=CC=C1,O=C(NC(Sc1ccccc1)c2ccc(C(F)(F)F)cc2)c3ccccc3,0.340722979
O=P1(O)OC2=C(Br)C=C3C(CCCC3)=C2C4=C(O1)C(Br)=CC5=C4CCCC5,O=C(C1=CC=CC=C1)/N=C/C2=CC=C(C(F)(F)F)C=C2,SC1=CC=CC=C1C,O=C(NC(Sc1ccccc1C)c2ccc(C(F)(F)F)cc2)c3ccccc3,0.289903935
O=P1(O)OC2=C(Br)C=C3C(CCCC3)=C2C4=C(O1)C(Br)=CC5=C4CCCC5,O=C(C1=CC=CC=C1)/N=C/C2=CC=C(C(F)(F)F)C=C2,SC1CCCCC1,O=C(NC(SC1CCCCC1)c2ccc(C(F)(F)F)cc2)c3ccccc3,0.118834511
O=P1(O)OC2=C(Br)C=C3C(CCCC3)=C2C4=C(O1)C(Br)=CC5=C4CCCC5,O=C(C1=CC=CC=C1)/N=C/C2=CC=C(Cl)C=C2Cl,CCS,Clc1cc(Cl)c(C(SCC)NC(c2ccccc2)=O)cc1,0
O=P1(O)OC2=C(Br)C=C3C(CCCC3)=C2C4=C(O1)C(Br)=CC5=C4CCCC5,O=C(C1=CC=CC=C1)/N=C/C2=CC=C(Cl)C=C2Cl,SC1=CC=C(OC)C=C1,Clc1cc(Cl)c(C(Sc2ccc(OC)cc2)NC(c3ccccc3)=O)cc1,0.473819986
O=P1(O)OC2=C(Br)C=C3C(CCCC3)=C2C4=C(O1)C(Br)=CC5=C4CCCC5,O=C(C1=CC=CC=C1)/N=C/C2=CC=C(Cl)C=C2Cl,SC1=CC=CC=C1,Clc1cc(Cl)c(C(Sc2ccccc2)NC(c3ccccc3)=O)cc1,0.315171704
O=P1(O)OC2=C(Br)C=C3C(CCCC3)=C2C4=C(O1)C(Br)=CC5=C4CCCC5,O=C(C1=CC=CC=C1)/N=C/C2=CC=C(Cl)C=C2Cl,SC1=CC=CC=C1C,Clc1cc(Cl)c(C(Sc2ccccc2C)NC(c3ccccc3)=O)cc1,0.240111033
O=P1(O)OC2=C(Br)C=C3C(CCCC3)=C2C4=C(O1)C(Br)=CC5=C4CCCC5,O=C(C1=CC=CC=C1)/N=C/C2=CC=C(Cl)C=C2Cl,SC1CCCCC1,Clc1cc(Cl)c(C(SC2CCCCC2)NC(c3ccccc3)=O)cc1,0
O=P1(O)OC2=C(Br)C=C3C(CCCC3)=C2C4=C(O1)C(Br)=CC5=C4CCCC5,O=C(C1=CC=CC=C1)/N=C/C2=CC=C(OC)C=C2,CCS,COc1ccc(C(SCC)NC(c2ccccc2)=O)cc1,-0.09495278
O=P1(O)OC2=C(Br)C=C3C(CCCC3)=C2C4=C(O1)C(Br)=CC5=C4CCCC5,O=C(C1=CC=CC=C1)/N=C/C2=CC=C(OC)C=C2,SC1=CC=C(OC)C=C1,COc1ccc(C(Sc2ccc(OC)cc2)NC(c3ccccc3)=O)cc1,0.315171704
O=P1(O)OC2=C(Br)C=C3C(CCCC3)=C2C4=C(O1)C(Br)=CC5=C4CCCC5,O=C(C1=CC=CC=C1)/N=C/C2=CC=C(OC)C=C2,SC1=CC=CC=C1,COc1ccc(C(Sc2ccccc2)NC(c3ccccc3)=O)cc1,0.166908496
O=P1(O)OC2=C(Br)C=C3C(CCCC3)=C2C4=C(O1)C(Br)=CC5=C4CCCC5,O=C(C1=CC=CC=C1)/N=C/C2=CC=C(OC)C=C2,SC1=CC=CC=C1C,COc1ccc(C(Sc2ccccc2C)NC(c3ccccc3)=O)cc1,0.240111033
O=P1(O)OC2=C(Br)C=C3C(CCCC3)=C2C4=C(O1)C(Br)=CC5=C4CCCC5,O=C(C1=CC=CC=C1)/N=C/C2=CC=C(OC)C=C2,SC1CCCCC1,COc1ccc(C(SC2CCCCC2)NC(c3ccccc3)=O)cc1,0.5302345
O=P1(O)OC2=C(Br)C=C3C(CCCC3)=C2C4=C(O1)C(Br)=CC5=C4CCCC5,O=C(C1=CC=CC=C1)/N=C/C2=CC=CC=C2,CCS,O=C(NC(SCC)c1ccccc1)c2ccccc2,0.366586769
O=P1(O)OC2=C(Br)C=C3C(CCCC3)=C2C4=C(O1)C(Br)=CC5=C4CCCC5,O=C(C1=CC=CC=C1)/N=C/C2=CC=CC=C2,SC1=CC=C(OC)C=C1,O=C(NC(Sc1ccc(OC)cc1)c2ccccc2)c3ccccc3,0.501758501
O=P1(O)OC2=C(Br)C=C3C(CCCC3)=C2C4=C(O1)C(Br)=CC5=C4CCCC5,O=C(C1=CC=CC=C1)/N=C/C2=CC=CC=C2,SC1=CC=CC=C1,O=C(NC(Sc1ccccc1)c2ccccc2)c3ccccc3,0.392793996
O=P1(O)OC2=C(Br)C=C3C(CCCC3)=C2C4=C(O1)C(Br)=CC5=C4CCCC5,O=C(C1=CC=CC=C1)/N=C/C2=CC=CC=C2,SC1=CC=CC=C1C,O=C(NC(Sc1ccccc1C)c2ccccc2)c3ccccc3,0.366586769
O=P1(O)OC2=C(Br)C=C3C(CCCC3)=C2C4=C(O1)C(Br)=CC5=C4CCCC5,O=C(C1=CC=CC=C1)/N=C/C2=CC=CC=C2,SC1CCCCC1,O=C(NC(SC1CCCCC1)c2ccccc2)c3ccccc3,0.419377753
O=P1(O)OC2=C(Br)C=C3C(CCCC3)=C2C4=C(O1)C(Br)=CC5=C4CCCC5,O=C(C1=CC=CC=C1)/N=C/C2=CC=CC3=C2C=CC=C3,CCS,O=C(NC(SCC)c1cccc2ccccc12)c3ccccc3,-0.264892334
O=P1(O)OC2=C(Br)C=C3C(CCCC3)=C2C4=C(O1)C(Br)=CC5=C4CCCC5,O=C(C1=CC=CC=C1)/N=C/C2=CC=CC3=C2C=CC=C3,SC1=CC=C(OC)C=C1,O=C(NC(Sc1ccc(OC)cc1)c2cccc3ccccc23)c4ccccc4,0.166908496
O=P1(O)OC2=C(Br)C=C3C(CCCC3)=C2C4=C(O1)C(Br)=CC5=C4CCCC5,O=C(C1=CC=CC=C1)/N=C/C2=CC=CC3=C2C=CC=C3,SC1=CC=CC=C1,O=C(NC(Sc1ccccc1)c2cccc3ccccc23)c4ccccc4,0.501758501
O=P1(O)OC2=C(Br)C=C3C(CCCC3)=C2C4=C(O1)C(Br)=CC5=C4CCCC5,O=C(C1=CC=CC=C1)/N=C/C2=CC=CC3=C2C=CC=C3,SC1=CC=CC=C1C,O=C(NC(Sc1c(C)cccc1)c2cccc3ccccc23)c4ccccc4,0.166908496
O=P1(O)OC2=C(Br)C=C3C(CCCC3)=C2C4=C(O1)C(Br)=CC5=C4CCCC5,O=C(C1=CC=CC=C1)/N=C/C2=CC=CC3=C2C=CC=C3,SC1CCCCC1,O=C(NC(SC1CCCCC1)c2cccc3ccccc23)c4ccccc4,0
O=P1(O)OC2=C(C3=C(C(C)C)C=C(C4=CC=C(C(C)(C)C)C=C4)C=C3C(C)C)C=C5C(C=CC=C5)=[C@]2[C@]6=C(O1)C(C7=C(C(C)C)C=C(C8=CC=C(C(C)(C)C)C=C8)C=C7C(C)C)=CC9=C6C=CC=C9,O=C(C1=CC=CC=C1)/N=C/C2=CC=C(C(F)(F)F)C=C2,CCS,O=C(NC(SCC)c1ccc(C(F)(F)F)cc1)c2ccccc2,1.17989059
O=P1(O)OC2=C(C3=C(C(C)C)C=C(C4=CC=C(C(C)(C)C)C=C4)C=C3C(C)C)C=C5C(C=CC=C5)=[C@]2[C@]6=C(O1)C(C7=C(C(C)C)C=C(C8=CC=C(C(C)(C)C)C=C8)C=C7C(C)C)=CC9=C6C=CC=C9,O=C(C1=CC=CC=C1)/N=C/C2=CC=C(C(F)(F)F)C=C2,SC1=CC=C(OC)C=C1,O=C(NC(Sc1ccc(OC)cc1)c2ccc(C(F)(F)F)cc2)c3ccccc3,2.721168735
O=P1(O)OC2=C(C3=C(C(C)C)C=C(C4=CC=C(C(C)(C)C)C=C4)C=C3C(C)C)C=C5C(C=CC=C5)=[C@]2[C@]6=C(O1)C(C7=C(C(C)C)C=C(C8=CC=C(C(C)(C)C)C=C8)C=C7C(C)C)=CC9=C6C=CC=C9,O=C(C1=CC=CC=C1)/N=C/C2=CC=C(C(F)(F)F)C=C2,SC1=CC=CC=C1,O=C(NC(Sc1ccccc1)c2ccc(C(F)(F)F)cc2)c3ccccc3,2.721168735
O=P1(O)OC2=C(C3=C(C(C)C)C=C(C4=CC=C(C(C)(C)C)C=C4)C=C3C(C)C)C=C5C(C=CC=C5)=[C@]2[C@]6=C(O1)C(C7=C(C(C)C)C=C(C8=CC=C(C(C)(C)C)C=C8)C=C7C(C)C)=CC9=C6C=CC=C9,O=C(C1=CC=CC=C1)/N=C/C2=CC=C(C(F)(F)F)C=C2,SC1=CC=CC=C1C,O=C(NC(Sc1ccccc1C)c2ccc(C(F)(F)F)cc2)c3ccccc3,3.134624572
O=P1(O)OC2=C(C3=C(C(C)C)C=C(C4=CC=C(C(C)(C)C)C=C4)C=C3C(C)C)C=C5C(C=CC=C5)=[C@]2[C@]6=C(O1)C(C7=C(C(C)C)C=C(C8=CC=C(C(C)(C)C)C=C8)C=C7C(C)C)=CC9=C6C=CC=C9,O=C(C1=CC=CC=C1)/N=C/C2=CC=C(C(F)(F)F)C=C2,SC1CCCCC1,O=C(NC(SC1CCCCC1)c2ccc(C(F)(F)F)cc2)c3ccccc3,1.238109014
O=P1(O)OC2=C(C3=C(C(C)C)C=C(C4=CC=C(C(C)(C)C)C=C4)C=C3C(C)C)C=C5C(C=CC=C5)=[C@]2[C@]6=C(O1)C(C7=C(C(C)C)C=C(C8=CC=C(C(C)(C)C)C=C8)C=C7C(C)C)=CC9=C6C=CC=C9,O=C(C1=CC=CC=C1)/N=C/C2=CC=C(Cl)C=C2Cl,CCS,Clc1cc(Cl)c(C(SCC)NC(c2ccccc2)=O)cc1,1.17989059
O=P1(O)OC2=C(C3=C(C(C)C)C=C(C4=CC=C(C(C)(C)C)C=C4)C=C3C(C)C)C=C5C(C=CC=C5)=[C@]2[C@]6=C(O1)C(C7=C(C(C)C)C=C(C8=CC=C(C(C)(C)C)C=C8)C=C7C(C)C)=CC9=C6C=CC=C9,O=C(C1=CC=CC=C1)/N=C/C2=CC=C(Cl)C=C2Cl,SC1=CC=C(OC)C=C1,Clc1cc(Cl)c(C(Sc2ccc(OC)cc2)NC(c3ccccc3)=O)cc1,2.304684113
O=P1(O)OC2=C(C3=C(C(C)C)C=C(C4=CC=C(C(C)(C)C)C=C4)C=C3C(C)C)C=C5C(C=CC=C5)=[C@]2[C@]6=C(O1)C(C7=C(C(C)C)C=C(C8=CC=C(C(C)(C)C)C=C8)C=C7C(C)C)=CC9=C6C=CC=C9,O=C(C1=CC=CC=C1)/N=C/C2=CC=C(Cl)C=C2Cl,SC1=CC=CC=C1,Clc1cc(Cl)c(C(Sc2ccccc2)NC(c3ccccc3)=O)cc1,2.721168735
O=P1(O)OC2=C(C3=C(C(C)C)C=C(C4=CC=C(C(C)(C)C)C=C4)C=C3C(C)C)C=C5C(C=CC=C5)=[C@]2[C@]6=C(O1)C(C7=C(C(C)C)C=C(C8=CC=C(C(C)(C)C)C=C8)C=C7C(C)C)=CC9=C6C=CC=C9,O=C(C1=CC=CC=C1)/N=C/C2=CC=C(Cl)C=C2Cl,SC1=CC=CC=C1C,Clc1cc(Cl)c(C(Sc2ccccc2C)NC(c3ccccc3)=O)cc1,2.721168735
O=P1(O)OC2=C(C3=C(C(C)C)C=C(C4=CC=C(C(C)(C)C)C=C4)C=C3C(C)C)C=C5C(C=CC=C5)=[C@]2[C@]6=C(O1)C(C7=C(C(C)C)C=C(C8=CC=C(C(C)(C)C)C=C8)C=C7C(C)C)=CC9=C6C=CC=C9,O=C(C1=CC=CC=C1)/N=C/C2=CC=C(Cl)C=C2Cl,SC1CCCCC1,Clc1cc(Cl)c(C(SC2CCCCC2)NC(c3ccccc3)=O)cc1,1.238109014
O=P1(O)OC2=C(C3=C(C(C)C)C=C(C4=CC=C(C(C)(C)C)C=C4)C=C3C(C)C)C=C5C(C=CC=C5)=[C@]2[C@]6=C(O1)C(C7=C(C(C)C)C=C(C8=CC=C(C(C)(C)C)C=C8)C=C7C(C)C)=CC9=C6C=CC=C9,O=C(C1=CC=CC=C1)/N=C/C2=CC=C(OC)C=C2,CCS,COc1ccc(C(SCC)NC(c2ccccc2)=O)cc1,1.238109014
O=P1(O)OC2=C(C3=C(C(C)C)C=C(C4=CC=C(C(C)(C)C)C=C4)C=C3C(C)C)C=C5C(C=CC=C5)=[C@]2[C@]6=C(O1)C(C7=C(C(C)C)C=C(C8=CC=C(C(C)(C)C)C=C8)C=C7C(C)C)=CC9=C6C=CC=C9,O=C(C1=CC=CC=C1)/N=C/C2=CC=C(OC)C=C2,SC1=CC=C(OC)C=C1,COc1ccc(C(Sc2ccc(OC)cc2)NC(c3ccccc3)=O)cc1,3.134624572
O=P1(O)OC2=C(C3=C(C(C)C)C=C(C4=CC=C(C(C)(C)C)C=C4)C=C3C(C)C)C=C5C(C=CC=C5)=[C@]2[C@]6=C(O1)C(C7=C(C(C)C)C=C(C8=CC=C(C(C)(C)C)C=C8)C=C7C(C)C)=CC9=C6C=CC=C9,O=C(C1=CC=CC=C1)/N=C/C2=CC=C(OC)C=C2,SC1=CC=CC=C1,COc1ccc(C(Sc2ccccc2)NC(c3ccccc3)=O)cc1,3.134624572
O=P1(O)OC2=C(C3=C(C(C)C)C=C(C4=CC=C(C(C)(C)C)C=C4)C=C3C(C)C)C=C5C(C=CC=C5)=[C@]2[C@]6=C(O1)C(C7=C(C(C)C)C=C(C8=CC=C(C(C)(C)C)C=C8)C=C7C(C)C)=CC9=C6C=CC=C9,O=C(C1=CC=CC=C1)/N=C/C2=CC=C(OC)C=C2,SC1=CC=CC=C1C,COc1ccc(C(Sc2ccccc2C)NC(c3ccccc3)=O)cc1,3.134624572
O=P1(O)OC2=C(C3=C(C(C)C)C=C(C4=CC=C(C(C)(C)C)C=C4)C=C3C(C)C)C=C5C(C=CC=C5)=[C@]2[C@]6=C(O1)C(C7=C(C(C)C)C=C(C8=CC=C(C(C)(C)C)C=C8)C=C7C(C)C)=CC9=C6C=CC=C9,O=C(C1=CC=CC=C1)/N=C/C2=CC=C(OC)C=C2,SC1CCCCC1,COc1ccc(C(SC2CCCCC2)NC(c3ccccc3)=O)cc1,1.301167112
O=P1(O)OC2=C(C3=C(C(C)C)C=C(C4=CC=C(C(C)(C)C)C=C4)C=C3C(C)C)C=C5C(C=CC=C5)=[C@]2[C@]6=C(O1)C(C7=C(C(C)C)C=C(C8=CC=C(C(C)(C)C)C=C8)C=C7C(C)C)=CC9=C6C=CC=C9,O=C(C1=CC=CC=C1)/N=C/C2=CC=CC=C2,CCS,O=C(NC(SCC)c1ccccc1)c2ccccc2,1.446325365
O=P1(O)OC2=C(C3=C(C(C)C)C=C(C4=CC=C(C(C)(C)C)C=C4)C=C3C(C)C)C=C5C(C=CC=C5)=[C@]2[C@]6=C(O1)C(C7=C(C(C)C)C=C(C8=CC=C(C(C)(C)C)C=C8)C=C7C(C)C)=CC9=C6C=CC=C9,O=C(C1=CC=CC=C1)/N=C/C2=CC=CC=C2,SC1=CC=C(OC)C=C1,O=C(NC(Sc1ccc(OC)cc1)c2ccccc2)c3ccccc3,2.721168735
O=P1(O)OC2=C(C3=C(C(C)C)C=C(C4=CC=C(C(C)(C)C)C=C4)C=C3C(C)C)C=C5C(C=CC=C5)=[C@]2[C@]6=C(O1)C(C7=C(C(C)C)C=C(C8=CC=C(C(C)(C)C)C=C8)C=C7C(C)C)=CC9=C6C=CC=C9,O=C(C1=CC=CC=C1)/N=C/C2=CC=CC=C2,SC1=CC=CC=C1,O=C(NC(Sc1ccccc1)c2ccccc2)c3ccccc3,3.134624572
O=P1(O)OC2=C(C3=C(C(C)C)C=C(C4=CC=C(C(C)(C)C)C=C4)C=C3C(C)C)C=C5C(C=CC=C5)=[C@]2[C@]6=C(O1)C(C7=C(C(C)C)C=C(C8=CC=C(C(C)(C)C)C=C8)C=C7C(C)C)=CC9=C6C=CC=C9,O=C(C1=CC=CC=C1)/N=C/C2=CC=CC=C2,SC1=CC=CC=C1C,O=C(NC(Sc1ccccc1C)c2ccccc2)c3ccccc3,2.304684113
O=P1(O)OC2=C(C3=C(C(C)C)C=C(C4=CC=C(C(C)(C)C)C=C4)C=C3C(C)C)C=C5C(C=CC=C5)=[C@]2[C@]6=C(O1)C(C7=C(C(C)C)C=C(C8=CC=C(C(C)(C)C)C=C8)C=C7C(C)C)=CC9=C6C=CC=C9,O=C(C1=CC=CC=C1)/N=C/C2=CC=CC=C2,SC1CCCCC1,O=C(NC(SC1CCCCC1)c2ccccc2)c3ccccc3,1.446325365
O=P1(O)OC2=C(C3=C(C(C)C)C=C(C4=CC=C(C(C)(C)C)C=C4)C=C3C(C)C)C=C5C(C=CC=C5)=[C@]2[C@]6=C(O1)C(C7=C(C(C)C)C=C(C8=CC=C(C(C)(C)C)C=C8)C=C7C(C)C)=CC9=C6C=CC=C9,O=C(C1=CC=CC=C1)/N=C/C2=CC=CC3=C2C=CC=C3,CCS,O=C(NC(SCC)c1cccc2ccccc12)c3ccccc3,1.301167112
O=P1(O)OC2=C(C3=C(C(C)C)C=C(C4=CC=C(C(C)(C)C)C=C4)C=C3C(C)C)C=C5C(C=CC=C5)=[C@]2[C@]6=C(O1)C(C7=C(C(C)C)C=C(C8=CC=C(C(C)(C)C)C=C8)C=C7C(C)C)=CC9=C6C=CC=C9,O=C(C1=CC=CC=C1)/N=C/C2=CC=CC3=C2C=CC=C3,SC1=CC=C(OC)C=C1,O=C(NC(Sc1ccc(OC)cc1)c2cccc3ccccc23)c4ccccc4,3.134624572
O=P1(O)OC2=C(C3=C(C(C)C)C=C(C4=CC=C(C(C)(C)C)C=C4)C=C3C(C)C)C=C5C(C=CC=C5)=[C@]2[C@]6=C(O1)C(C7=C(C(C)C)C=C(C8=CC=C(C(C)(C)C)C=C8)C=C7C(C)C)=CC9=C6C=CC=C9,O=C(C1=CC=CC=C1)/N=C/C2=CC=CC3=C2C=CC=C3,SC1=CC=CC=C1,O=C(NC(Sc1ccccc1)c2cccc3ccccc23)c4ccccc4,3.134624572
O=P1(O)OC2=C(C3=C(C(C)C)C=C(C4=CC=C(C(C)(C)C)C=C4)C=C3C(C)C)C=C5C(C=CC=C5)=[C@]2[C@]6=C(O1)C(C7=C(C(C)C)C=C(C8=CC=C(C(C)(C)C)C=C8)C=C7C(C)C)=CC9=C6C=CC=C9,O=C(C1=CC=CC=C1)/N=C/C2=CC=CC3=C2C=CC=C3,SC1=CC=CC=C1C,O=C(NC(Sc1c(C)cccc1)c2cccc3ccccc23)c4ccccc4,2.721168735
O=P1(O)OC2=C(C3=C(C(C)C)C=C(C4=CC=C(C(C)(C)C)C=C4)C=C3C(C)C)C=C5C(C=CC=C5)=[C@]2[C@]6=C(O1)C(C7=C(C(C)C)C=C(C8=CC=C(C(C)(C)C)C=C8)C=C7C(C)C)=CC9=C6C=CC=C9,O=C(C1=CC=CC=C1)/N=C/C2=CC=CC3=C2C=CC=C3,SC1CCCCC1,O=C(NC(SC1CCCCC1)c2cccc3ccccc23)c4ccccc4,1.446325365
O=P1(O)OC2=C(C3=C(C=CC=C4)C4=C(C5=CC(C=CC=C6)=C6C=C5)C7=C3C=CC=C7)C=C8C(C=CC=C8)=[C@]2[C@]9=C(O1)C(C%10=C(C=CC=C%11)C%11=C(C%12=CC=C(C=CC=C%13)C%13=C%12)C%14=C%10C=CC=C%14)=CC%15=C9C=CC=C%15,O=C(C1=CC=CC=C1)/N=C/C2=CC=C(C(F)(F)F)C=C2,CCS,O=C(NC(SCC)c1ccc(C(F)(F)F)cc1)c2ccccc2,1.446325365
O=P1(O)OC2=C(C3=C(C=CC=C4)C4=C(C5=CC(C=CC=C6)=C6C=C5)C7=C3C=CC=C7)C=C8C(C=CC=C8)=[C@]2[C@]9=C(O1)C(C%10=C(C=CC=C%11)C%11=C(C%12=CC=C(C=CC=C%13)C%13=C%12)C%14=C%10C=CC=C%14)=CC%15=C9C=CC=C%15,O=C(C1=CC=CC=C1)/N=C/C2=CC=C(C(F)(F)F)C=C2,SC1=CC=C(OC)C=C1,O=C(NC(Sc1ccc(OC)cc1)c2ccc(C(F)(F)F)cc2)c3ccccc3,2.304684113
O=P1(O)OC2=C(C3=C(C=CC=C4)C4=C(C5=CC(C=CC=C6)=C6C=C5)C7=C3C=CC=C7)C=C8C(C=CC=C8)=[C@]2[C@]9=C(O1)C(C%10=C(C=CC=C%11)C%11=C(C%12=CC=C(C=CC=C%13)C%13=C%12)C%14=C%10C=CC=C%14)=CC%15=C9C=CC=C%15,O=C(C1=CC=CC=C1)/N=C/C2=CC=C(C(F)(F)F)C=C2,SC1=CC=CC=C1,O=C(NC(Sc1ccccc1)c2ccc(C(F)(F)F)cc2)c3ccccc3,2.058499317
O=P1(O)OC2=C(C3=C(C=CC=C4)C4=C(C5=CC(C=CC=C6)=C6C=C5)C7=C3C=CC=C7)C=C8C(C=CC=C8)=[C@]2[C@]9=C(O1)C(C%10=C(C=CC=C%11)C%11=C(C%12=CC=C(C=CC=C%13)C%13=C%12)C%14=C%10C=CC=C%14)=CC%15=C9C=CC=C%15,O=C(C1=CC=CC=C1)/N=C/C2=CC=C(C(F)(F)F)C=C2,SC1=CC=CC=C1C,O=C(NC(Sc1ccccc1C)c2ccc(C(F)(F)F)cc2)c3ccccc3,2.721168735
O=P1(O)OC2=C(C3=C(C=CC=C4)C4=C(C5=CC(C=CC=C6)=C6C=C5)C7=C3C=CC=C7)C=C8C(C=CC=C8)=[C@]2[C@]9=C(O1)C(C%10=C(C=CC=C%11)C%11=C(C%12=CC=C(C=CC=C%13)C%13=C%12)C%14=C%10C=CC=C%14)=CC%15=C9C=CC=C%15,O=C(C1=CC=CC=C1)/N=C/C2=CC=C(C(F)(F)F)C=C2,SC1CCCCC1,O=C(NC(SC1CCCCC1)c2ccc(C(F)(F)F)cc2)c3ccccc3,1.301167112
O=P1(O)OC2=C(C3=C(C=CC=C4)C4=C(C5=CC(C=CC=C6)=C6C=C5)C7=C3C=CC=C7)C=C8C(C=CC=C8)=[C@]2[C@]9=C(O1)C(C%10=C(C=CC=C%11)C%11=C(C%12=CC=C(C=CC=C%13)C%13=C%12)C%14=C%10C=CC=C%14)=CC%15=C9C=CC=C%15,O=C(C1=CC=CC=C1)/N=C/C2=CC=C(Cl)C=C2Cl,CCS,Clc1cc(Cl)c(C(SCC)NC(c2ccccc2)=O)cc1,1.125722444
O=P1(O)OC2=C(C3=C(C=CC=C4)C4=C(C5=CC(C=CC=C6)=C6C=C5)C7=C3C=CC=C7)C=C8C(C=CC=C8)=[C@]2[C@]9=C(O1)C(C%10=C(C=CC=C%11)C%11=C(C%12=CC=C(C=CC=C%13)C%13=C%12)C%14=C%10C=CC=C%14)=CC%15=C9C=CC=C%15,O=C(C1=CC=CC=C1)/N=C/C2=CC=C(Cl)C=C2Cl,SC1=CC=C(OC)C=C1,Clc1cc(Cl)c(C(Sc2ccc(OC)cc2)NC(c3ccccc3)=O)cc1,2.304684113
O=P1(O)OC2=C(C3=C(C=CC=C4)C4=C(C5=CC(C=CC=C6)=C6C=C5)C7=C3C=CC=C7)C=C8C(C=CC=C8)=[C@]2[C@]9=C(O1)C(C%10=C(C=CC=C%11)C%11=C(C%12=CC=C(C=CC=C%13)C%13=C%12)C%14=C%10C=CC=C%14)=CC%15=C9C=CC=C%15,O=C(C1=CC=CC=C1)/N=C/C2=CC=C(Cl)C=C2Cl,SC1=CC=CC=C1,Clc1cc(Cl)c(C(Sc2ccccc2)NC(c3ccccc3)=O)cc1,1.882001124
O=P1(O)OC2=C(C3=C(C=CC=C4)C4=C(C5=CC(C=CC=C6)=C6C=C5)C7=C3C=CC=C7)C=C8C(C=CC=C8)=[C@]2[C@]9=C(O1)C(C%10=C(C=CC=C%11)C%11=C(C%12=CC=C(C=CC=C%13)C%13=C%12)C%14=C%10C=CC=C%14)=CC%15=C9C=CC=C%15,O=C(C1=CC=CC=C1)/N=C/C2=CC=C(Cl)C=C2Cl,SC1=CC=CC=C1C,Clc1cc(Cl)c(C(Sc2ccccc2C)NC(c3ccccc3)=O)cc1,2.721168735
O=P1(O)OC2=C(C3=C(C=CC=C4)C4=C(C5=CC(C=CC=C6)=C6C=C5)C7=C3C=CC=C7)C=C8C(C=CC=C8)=[C@]2[C@]9=C(O1)C(C%10=C(C=CC=C%11)C%11=C(C%12=CC=C(C=CC=C%13)C%13=C%12)C%14=C%10C=CC=C%14)=CC%15=C9C=CC=C%15,O=C(C1=CC=CC=C1)/N=C/C2=CC=C(Cl)C=C2Cl,SC1CCCCC1,Clc1cc(Cl)c(C(SC2CCCCC2)NC(c3ccccc3)=O)cc1,0.981980567
O=P1(O)OC2=C(C3=C(C=CC=C4)C4=C(C5=CC(C=CC=C6)=C6C=C5)C7=C3C=CC=C7)C=C8C(C=CC=C8)=[C@]2[C@]9=C(O1)C(C%10=C(C=CC=C%11)C%11=C(C%12=CC=C(C=CC=C%13)C%13=C%12)C%14=C%10C=CC=C%14)=CC%15=C9C=CC=C%15,O=C(C1=CC=CC=C1)/N=C/C2=CC=C(OC)C=C2,CCS,COc1ccc(C(SCC)NC(c2ccccc2)=O)cc1,1.17989059
O=P1(O)OC2=C(C3=C(C=CC=C4)C4=C(C5=CC(C=CC=C6)=C6C=C5)C7=C3C=CC=C7)C=C8C(C=CC=C8)=[C@]2[C@]9=C(O1)C(C%10=C(C=CC=C%11)C%11=C(C%12=CC=C(C=CC=C%13)C%13=C%12)C%14=C%10C=CC=C%14)=CC%15=C9C=CC=C%15,O=C(C1=CC=CC=C1)/N=C/C2=CC=C(OC)C=C2,SC1=CC=C(OC)C=C1,COc1ccc(C(Sc2ccc(OC)cc2)NC(c3ccccc3)=O)cc1,2.304684113
O=P1(O)OC2=C(C3=C(C=CC=C4)C4=C(C5=CC(C=CC=C6)=C6C=C5)C7=C3C=CC=C7)C=C8C(C=CC=C8)=[C@]2[C@]9=C(O1)C(C%10=C(C=CC=C%11)C%11=C(C%12=CC=C(C=CC=C%13)C%13=C%12)C%14=C%10C=CC=C%14)=CC%15=C9C=CC=C%15,O=C(C1=CC=CC=C1)/N=C/C2=CC=C(OC)C=C2,SC1=CC=CC=C1,COc1ccc(C(Sc2ccccc2)NC(c3ccccc3)=O)cc1,2.304684113
O=P1(O)OC2=C(C3=C(C=CC=C4)C4=C(C5=CC(C=CC=C6)=C6C=C5)C7=C3C=CC=C7)C=C8C(C=CC=C8)=[C@]2[C@]9=C(O1)C(C%10=C(C=CC=C%11)C%11=C(C%12=CC=C(C=CC=C%13)C%13=C%12)C%14=C%10C=CC=C%14)=CC%15=C9C=CC=C%15,O=C(C1=CC=CC=C1)/N=C/C2=CC=C(OC)C=C2,SC1=CC=CC=C1C,COc1ccc(C(Sc2ccccc2C)NC(c3ccccc3)=O)cc1,3.134624572
O=P1(O)OC2=C(C3=C(C=CC=C4)C4=C(C5=CC(C=CC=C6)=C6C=C5)C7=C3C=CC=C7)C=C8C(C=CC=C8)=[C@]2[C@]9=C(O1)C(C%10=C(C=CC=C%11)C%11=C(C%12=CC=C(C=CC=C%13)C%13=C%12)C%14=C%10C=CC=C%14)=CC%15=C9C=CC=C%15,O=C(C1=CC=CC=C1)/N=C/C2=CC=C(OC)C=C2,SC1CCCCC1,COc1ccc(C(SC2CCCCC2)NC(c3ccccc3)=O)cc1,1.301167112
O=P1(O)OC2=C(C3=C(C=CC=C4)C4=C(C5=CC(C=CC=C6)=C6C=C5)C7=C3C=CC=C7)C=C8C(C=CC=C8)=[C@]2[C@]9=C(O1)C(C%10=C(C=CC=C%11)C%11=C(C%12=CC=C(C=CC=C%13)C%13=C%12)C%14=C%10C=CC=C%14)=CC%15=C9C=CC=C%15,O=C(C1=CC=CC=C1)/N=C/C2=CC=CC=C2,CCS,O=C(NC(SCC)c1ccccc1)c2ccccc2,1.125722444
O=P1(O)OC2=C(C3=C(C=CC=C4)C4=C(C5=CC(C=CC=C6)=C6C=C5)C7=C3C=CC=C7)C=C8C(C=CC=C8)=[C@]2[C@]9=C(O1)C(C%10=C(C=CC=C%11)C%11=C(C%12=CC=C(C=CC=C%13)C%13=C%12)C%14=C%10C=CC=C%14)=CC%15=C9C=CC=C%15,O=C(C1=CC=CC=C1)/N=C/C2=CC=CC=C2,SC1=CC=C(OC)C=C1,O=C(NC(Sc1ccc(OC)cc1)c2ccccc2)c3ccccc3,2.058499317
O=P1(O)OC2=C(C3=C(C=CC=C4)C4=C(C5=CC(C=CC=C6)=C6C=C5)C7=C3C=CC=C7)C=C8C(C=CC=C8)=[C@]2[C@]9=C(O1)C(C%10=C(C=CC=C%11)C%11=C(C%12=CC=C(C=CC=C%13)C%13=C%12)C%14=C%10C=CC=C%14)=CC%15=C9C=CC=C%15,O=C(C1=CC=CC=C1)/N=C/C2=CC=CC=C2,SC1=CC=CC=C1,O=C(NC(Sc1ccccc1)c2ccccc2)c3ccccc3,2.304684113
O=P1(O)OC2=C(C3=C(C=CC=C4)C4=C(C5=CC(C=CC=C6)=C6C=C5)C7=C3C=CC=C7)C=C8C(C=CC=C8)=[C@]2[C@]9=C(O1)C(C%10=C(C=CC=C%11)C%11=C(C%12=CC=C(C=CC=C%13)C%13=C%12)C%14=C%10C=CC=C%14)=CC%15=C9C=CC=C%15,O=C(C1=CC=CC=C1)/N=C/C2=CC=CC=C2,SC1=CC=CC=C1C,O=C(NC(Sc1ccccc1C)c2ccccc2)c3ccccc3,2.304684113
O=P1(O)OC2=C(C3=C(C=CC=C4)C4=C(C5=CC(C=CC=C6)=C6C=C5)C7=C3C=CC=C7)C=C8C(C=CC=C8)=[C@]2[C@]9=C(O1)C(C%10=C(C=CC=C%11)C%11=C(C%12=CC=C(C=CC=C%13)C%13=C%12)C%14=C%10C=CC=C%14)=CC%15=C9C=CC=C%15,O=C(C1=CC=CC=C1)/N=C/C2=CC=CC=C2,SC1CCCCC1,O=C(NC(SC1CCCCC1)c2ccccc2)c3ccccc3,1.125722444
O=P1(O)OC2=C(C3=C(C=CC=C4)C4=C(C5=CC(C=CC=C6)=C6C=C5)C7=C3C=CC=C7)C=C8C(C=CC=C8)=[C@]2[C@]9=C(O1)C(C%10=C(C=CC=C%11)C%11=C(C%12=CC=C(C=CC=C%13)C%13=C%12)C%14=C%10C=CC=C%14)=CC%15=C9C=CC=C%15,O=C(C1=CC=CC=C1)/N=C/C2=CC=CC3=C2C=CC=C3,CCS,O=C(NC(SCC)c1cccc2ccccc12)c3ccccc3,1.074990526
O=P1(O)OC2=C(C3=C(C=CC=C4)C4=C(C5=CC(C=CC=C6)=C6C=C5)C7=C3C=CC=C7)C=C8C(C=CC=C8)=[C@]2[C@]9=C(O1)C(C%10=C(C=CC=C%11)C%11=C(C%12=CC=C(C=CC=C%13)C%13=C%12)C%14=C%10C=CC=C%14)=CC%15=C9C=CC=C%15,O=C(C1=CC=CC=C1)/N=C/C2=CC=CC3=C2C=CC=C3,SC1=CC=C(OC)C=C1,O=C(NC(Sc1ccc(OC)cc1)c2cccc3ccccc23)c4ccccc4,3.134624572
O=P1(O)OC2=C(C3=C(C=CC=C4)C4=C(C5=CC(C=CC=C6)=C6C=C5)C7=C3C=CC=C7)C=C8C(C=CC=C8)=[C@]2[C@]9=C(O1)C(C%10=C(C=CC=C%11)C%11=C(C%12=CC=C(C=CC=C%13)C%13=C%12)C%14=C%10C=CC=C%14)=CC%15=C9C=CC=C%15,O=C(C1=CC=CC=C1)/N=C/C2=CC=CC3=C2C=CC=C3,SC1=CC=CC=C1,O=C(NC(Sc1ccccc1)c2cccc3ccccc23)c4ccccc4,3.134624572
O=P1(O)OC2=C(C3=C(C=CC=C4)C4=C(C5=CC(C=CC=C6)=C6C=C5)C7=C3C=CC=C7)C=C8C(C=CC=C8)=[C@]2[C@]9=C(O1)C(C%10=C(C=CC=C%11)C%11=C(C%12=CC=C(C=CC=C%13)C%13=C%12)C%14=C%10C=CC=C%14)=CC%15=C9C=CC=C%15,O=C(C1=CC=CC=C1)/N=C/C2=CC=CC3=C2C=CC=C3,SC1=CC=CC=C1C,O=C(NC(Sc1c(C)cccc1)c2cccc3ccccc23)c4ccccc4,2.304684113
O=P1(O)OC2=C(C3=C(C=CC=C4)C4=C(C5=CC(C=CC=C6)=C6C=C5)C7=C3C=CC=C7)C=C8C(C=CC=C8)=[C@]2[C@]9=C(O1)C(C%10=C(C=CC=C%11)C%11=C(C%12=CC=C(C=CC=C%13)C%13=C%12)C%14=C%10C=CC=C%14)=CC%15=C9C=CC=C%15,O=C(C1=CC=CC=C1)/N=C/C2=CC=CC3=C2C=CC=C3,SC1CCCCC1,O=C(NC(SC1CCCCC1)c2cccc3ccccc23)c4ccccc4,1.17989059
O=P1(O)OC2=C(C3=C(C=CC4=CC=CC(C=C5)=C46)C6=C5C=C3)C=C7C(C=CC=C7)=C2C8=C(O1)C(C9=CC=C(C=C%10)C%11=C9C=CC%12=CC=CC%10=C%11%12)=CC%13=C8C=CC=C%13,O=C(C1=CC=CC=C1)/N=C/C2=CC=C(C(F)(F)F)C=C2,CCS,O=C(NC(SCC)c1ccc(C(F)(F)F)cc1)c2ccccc2,0.650583556
O=P1(O)OC2=C(C3=C(C=CC4=CC=CC(C=C5)=C46)C6=C5C=C3)C=C7C(C=CC=C7)=C2C8=C(O1)C(C9=CC=C(C=C%10)C%11=C9C=CC%12=CC=CC%10=C%11%12)=CC%13=C8C=CC=C%13,O=C(C1=CC=CC=C1)/N=C/C2=CC=C(C(F)(F)F)C=C2,SC1=CC=C(OC)C=C1,O=C(NC(Sc1ccc(OC)cc1)c2ccc(C(F)(F)F)cc2)c3ccccc3,2.304684113
O=P1(O)OC2=C(C3=C(C=CC4=CC=CC(C=C5)=C46)C6=C5C=C3)C=C7C(C=CC=C7)=C2C8=C(O1)C(C9=CC=C(C=C%10)C%11=C9C=CC%12=CC=CC%10=C%11%12)=CC%13=C8C=CC=C%13,O=C(C1=CC=CC=C1)/N=C/C2=CC=C(C(F)(F)F)C=C2,SC1=CC=CC=C1,O=C(NC(Sc1ccccc1)c2ccc(C(F)(F)F)cc2)c3ccccc3,1.743657522
O=P1(O)OC2=C(C3=C(C=CC4=CC=CC(C=C5)=C46)C6=C5C=C3)C=C7C(C=CC=C7)=C2C8=C(O1)C(C9=CC=C(C=C%10)C%11=C9C=CC%12=CC=CC%10=C%11%12)=CC%13=C8C=CC=C%13,O=C(C1=CC=CC=C1)/N=C/C2=CC=C(C(F)(F)F)C=C2,SC1=CC=CC=C1C,O=C(NC(Sc1ccccc1C)c2ccc(C(F)(F)F)cc2)c3ccccc3,2.721168735
O=P1(O)OC2=C(C3=C(C=CC4=CC=CC(C=C5)=C46)C6=C5C=C3)C=C7C(C=CC=C7)=C2C8=C(O1)C(C9=CC=C(C=C%10)C%11=C9C=CC%12=CC=CC%10=C%11%12)=CC%13=C8C=CC=C%13,O=C(C1=CC=CC=C1)/N=C/C2=CC=C(C(F)(F)F)C=C2,SC1CCCCC1,O=C(NC(SC1CCCCC1)c2ccc(C(F)(F)F)cc2)c3ccccc3,1.125722444
O=P1(O)OC2=C(C3=C(C=CC4=CC=CC(C=C5)=C46)C6=C5C=C3)C=C7C(C=CC=C7)=C2C8=C(O1)C(C9=CC=C(C=C%10)C%11=C9C=CC%12=CC=CC%10=C%11%12)=CC%13=C8C=CC=C%13,O=C(C1=CC=CC=C1)/N=C/C2=CC=C(Cl)C=C2Cl,CCS,Clc1cc(Cl)c(C(SCC)NC(c2ccccc2)=O)cc1,0.446373616
O=P1(O)OC2=C(C3=C(C=CC4=CC=CC(C=C5)=C46)C6=C5C=C3)C=C7C(C=CC=C7)=C2C8=C(O1)C(C9=CC=C(C=C%10)C%11=C9C=CC%12=CC=CC%10=C%11%12)=CC%13=C8C=CC=C%13,O=C(C1=CC=CC=C1)/N=C/C2=CC=C(Cl)C=C2Cl,SC1=CC=C(OC)C=C1,Clc1cc(Cl)c(C(Sc2ccc(OC)cc2)NC(c3ccccc3)=O)cc1,1.446325365
O=P1(O)OC2=C(C3=C(C=CC4=CC=CC(C=C5)=C46)C6=C5C=C3)C=C7C(C=CC=C7)=C2C8=C(O1)C(C9=CC=C(C=C%10)C%11=C9C=CC%12=CC=CC%10=C%11%12)=CC%13=C8C=CC=C%13,O=C(C1=CC=CC=C1)/N=C/C2=CC=C(Cl)C=C2Cl,SC1=CC=CC=C1,Clc1cc(Cl)c(C(Sc2ccccc2)NC(c3ccccc3)=O)cc1,1.743657522
O=P1(O)OC2=C(C3=C(C=CC4=CC=CC(C=C5)=C46)C6=C5C=C3)C=C7C(C=CC=C7)=C2C8=C(O1)C(C9=CC=C(C=C%10)C%11=C9C=CC%12=CC=CC%10=C%11%12)=CC%13=C8C=CC=C%13,O=C(C1=CC=CC=C1)/N=C/C2=CC=C(Cl)C=C2Cl,SC1=CC=CC=C1C,Clc1cc(Cl)c(C(Sc2ccccc2C)NC(c3ccccc3)=O)cc1,2.304684113
O=P1(O)OC2=C(C3=C(C=CC4=CC=CC(C=C5)=C46)C6=C5C=C3)C=C7C(C=CC=C7)=C2C8=C(O1)C(C9=CC=C(C=C%10)C%11=C9C=CC%12=CC=CC%10=C%11%12)=CC%13=C8C=CC=C%13,O=C(C1=CC=CC=C1)/N=C/C2=CC=C(Cl)C=C2Cl,SC1CCCCC1,Clc1cc(Cl)c(C(SC2CCCCC2)NC(c3ccccc3)=O)cc1,0.820945045
O=P1(O)OC2=C(C3=C(C=CC4=CC=CC(C=C5)=C46)C6=C5C=C3)C=C7C(C=CC=C7)=C2C8=C(O1)C(C9=CC=C(C=C%10)C%11=C9C=CC%12=CC=CC%10=C%11%12)=CC%13=C8C=CC=C%13,O=C(C1=CC=CC=C1)/N=C/C2=CC=C(OC)C=C2,CCS,COc1ccc(C(SCC)NC(c2ccccc2)=O)cc1,0.166908496
O=P1(O)OC2=C(C3=C(C=CC4=CC=CC(C=C5)=C46)C6=C5C=C3)C=C7C(C=CC=C7)=C2C8=C(O1)C(C9=CC=C(C=C%10)C%11=C9C=CC%12=CC=CC%10=C%11%12)=CC%13=C8C=CC=C%13,O=C(C1=CC=CC=C1)/N=C/C2=CC=C(OC)C=C2,SC1=CC=C(OC)C=C1,COc1ccc(C(Sc2ccc(OC)cc2)NC(c3ccccc3)=O)cc1,1.238109014
O=P1(O)OC2=C(C3=C(C=CC4=CC=CC(C=C5)=C46)C6=C5C=C3)C=C7C(C=CC=C7)=C2C8=C(O1)C(C9=CC=C(C=C%10)C%11=C9C=CC%12=CC=CC%10=C%11%12)=CC%13=C8C=CC=C%13,O=C(C1=CC=CC=C1)/N=C/C2=CC=C(OC)C=C2,SC1=CC=CC=C1,COc1ccc(C(Sc2ccccc2)NC(c3ccccc3)=O)cc1,1.125722444
O=P1(O)OC2=C(C3=C(C=CC4=CC=CC(C=C5)=C46)C6=C5C=C3)C=C7C(C=CC=C7)=C2C8=C(O1)C(C9=CC=C(C=C%10)C%11=C9C=CC%12=CC=CC%10=C%11%12)=CC%13=C8C=CC=C%13,O=C(C1=CC=CC=C1)/N=C/C2=CC=C(OC)C=C2,SC1=CC=CC=C1C,COc1ccc(C(Sc2ccccc2C)NC(c3ccccc3)=O)cc1,1.370103771
O=P1(O)OC2=C(C3=C(C=CC4=CC=CC(C=C5)=C46)C6=C5C=C3)C=C7C(C=CC=C7)=C2C8=C(O1)C(C9=CC=C(C=C%10)C%11=C9C=CC%12=CC=CC%10=C%11%12)=CC%13=C8C=CC=C%13,O=C(C1=CC=CC=C1)/N=C/C2=CC=C(OC)C=C2,SC1CCCCC1,COc1ccc(C(SC2CCCCC2)NC(c3ccccc3)=O)cc1,0.749510758
O=P1(O)OC2=C(C3=C(C=CC4=CC=CC(C=C5)=C46)C6=C5C=C3)C=C7C(C=CC=C7)=C2C8=C(O1)C(C9=CC=C(C=C%10)C%11=C9C=CC%12=CC=CC%10=C%11%12)=CC%13=C8C=CC=C%13,O=C(C1=CC=CC=C1)/N=C/C2=CC=CC=C2,CCS,O=C(NC(SCC)c1ccccc1)c2ccccc2,0.559297578
O=P1(O)OC2=C(C3=C(C=CC4=CC=CC(C=C5)=C46)C6=C5C=C3)C=C7C(C=CC=C7)=C2C8=C(O1)C(C9=CC=C(C=C%10)C%11=C9C=CC%12=CC=CC%10=C%11%12)=CC%13=C8C=CC=C%13,O=C(C1=CC=CC=C1)/N=C/C2=CC=CC=C2,SC1=CC=C(OC)C=C1,O=C(NC(Sc1ccc(OC)cc1)c2ccccc2)c3ccccc3,1.446325365
O=P1(O)OC2=C(C3=C(C=CC4=CC=CC(C=C5)=C46)C6=C5C=C3)C=C7C(C=CC=C7)=C2C8=C(O1)C(C9=CC=C(C=C%10)C%11=C9C=CC%12=CC=CC%10=C%11%12)=CC%13=C8C=CC=C%13,O=C(C1=CC=CC=C1)/N=C/C2=CC=CC=C2,SC1=CC=CC=C1,O=C(NC(Sc1ccccc1)c2ccccc2)c3ccccc3,1.125722444
O=P1(O)OC2=C(C3=C(C=CC4=CC=CC(C=C5)=C46)C6=C5C=C3)C=C7C(C=CC=C7)=C2C8=C(O1)C(C9=CC=C(C=C%10)C%11=C9C=CC%12=CC=CC%10=C%11%12)=CC%13=C8C=CC=C%13,O=C(C1=CC=CC=C1)/N=C/C2=CC=CC=C2,SC1=CC=CC=C1C,O=C(NC(Sc1ccccc1C)c2ccccc2)c3ccccc3,1.531802956
O=P1(O)OC2=C(C3=C(C=CC4=CC=CC(C=C5)=C46)C6=C5C=C3)C=C7C(C=CC=C7)=C2C8=C(O1)C(C9=CC=C(C=C%10)C%11=C9C=CC%12=CC=CC%10=C%11%12)=CC%13=C8C=CC=C%13,O=C(C1=CC=CC=C1)/N=C/C2=CC=CC=C2,SC1CCCCC1,O=C(NC(SC1CCCCC1)c2ccccc2)c3ccccc3,1.074990526
O=P1(O)OC2=C(C3=C(C=CC4=CC=CC(C=C5)=C46)C6=C5C=C3)C=C7C(C=CC=C7)=C2C8=C(O1)C(C9=CC=C(C=C%10)C%11=C9C=CC%12=CC=CC%10=C%11%12)=CC%13=C8C=CC=C%13,O=C(C1=CC=CC=C1)/N=C/C2=CC=CC3=C2C=CC=C3,CCS,O=C(NC(SCC)c1cccc2ccccc12)c3ccccc3,0.650583556
O=P1(O)OC2=C(C3=C(C=CC4=CC=CC(C=C5)=C46)C6=C5C=C3)C=C7C(C=CC=C7)=C2C8=C(O1)C(C9=CC=C(C=C%10)C%11=C9C=CC%12=CC=CC%10=C%11%12)=CC%13=C8C=CC=C%13,O=C(C1=CC=CC=C1)/N=C/C2=CC=CC3=C2C=CC=C3,SC1=CC=C(OC)C=C1,O=C(NC(Sc1ccc(OC)cc1)c2cccc3ccccc23)c4ccccc4,2.304684113
O=P1(O)OC2=C(C3=C(C=CC4=CC=CC(C=C5)=C46)C6=C5C=C3)C=C7C(C=CC=C7)=C2C8=C(O1)C(C9=CC=C(C=C%10)C%11=C9C=CC%12=CC=CC%10=C%11%12)=CC%13=C8C=CC=C%13,O=C(C1=CC=CC=C1)/N=C/C2=CC=CC3=C2C=CC=C3,SC1=CC=CC=C1,O=C(NC(Sc1ccccc1)c2cccc3ccccc23)c4ccccc4,1.743657522
O=P1(O)OC2=C(C3=C(C=CC4=CC=CC(C=C5)=C46)C6=C5C=C3)C=C7C(C=CC=C7)=C2C8=C(O1)C(C9=CC=C(C=C%10)C%11=C9C=CC%12=CC=CC%10=C%11%12)=CC%13=C8C=CC=C%13,O=C(C1=CC=CC=C1)/N=C/C2=CC=CC3=C2C=CC=C3,SC1=CC=CC=C1C,O=C(NC(Sc1c(C)cccc1)c2cccc3ccccc23)c4ccccc4,2.721168735
O=P1(O)OC2=C(C3=C(C=CC4=CC=CC(C=C5)=C46)C6=C5C=C3)C=C7C(C=CC=C7)=C2C8=C(O1)C(C9=CC=C(C=C%10)C%11=C9C=CC%12=CC=CC%10=C%11%12)=CC%13=C8C=CC=C%13,O=C(C1=CC=CC=C1)/N=C/C2=CC=CC3=C2C=CC=C3,SC1CCCCC1,O=C(NC(SC1CCCCC1)c2cccc3ccccc23)c4ccccc4,1.743657522
O=P1(O)OC2=C(C3=C(C4=CC(C=CC=C5)=C5C=C4)C=CC=C3)C=C6C(CCCC6)=C2C7=C(O1)C(C8=CC=CC=C8C9=CC=C(C=CC=C%10)C%10=C9)=CC%11=C7CCCC%11,O=C(C1=CC=CC=C1)/N=C/C2=CC=C(C(F)(F)F)C=C2,CCS,O=C(NC(SCC)c1ccc(C(F)(F)F)cc1)c2ccccc2,0.749510758
O=P1(O)OC2=C(C3=C(C4=CC(C=CC=C5)=C5C=C4)C=CC=C3)C=C6C(CCCC6)=C2C7=C(O1)C(C8=CC=CC=C8C9=CC=C(C=CC=C%10)C%10=C9)=CC%11=C7CCCC%11,O=C(C1=CC=CC=C1)/N=C/C2=CC=C(C(F)(F)F)C=C2,SC1=CC=C(OC)C=C1,O=C(NC(Sc1ccc(OC)cc1)c2ccc(C(F)(F)F)cc2)c3ccccc3,1.743657522
O=P1(O)OC2=C(C3=C(C4=CC(C=CC=C5)=C5C=C4)C=CC=C3)C=C6C(CCCC6)=C2C7=C(O1)C(C8=CC=CC=C8C9=CC=C(C=CC=C%10)C%10=C9)=CC%11=C7CCCC%11,O=C(C1=CC=CC=C1)/N=C/C2=CC=C(C(F)(F)F)C=C2,SC1=CC=CC=C1,O=C(NC(Sc1ccccc1)c2ccc(C(F)(F)F)cc2)c3ccccc3,1.743657522
O=P1(O)OC2=C(C3=C(C4=CC(C=CC=C5)=C5C=C4)C=CC=C3)C=C6C(CCCC6)=C2C7=C(O1)C(C8=CC=CC=C8C9=CC=C(C=CC=C%10)C%10=C9)=CC%11=C7CCCC%11,O=C(C1=CC=CC=C1)/N=C/C2=CC=C(C(F)(F)F)C=C2,SC1=CC=CC=C1C,O=C(NC(Sc1ccccc1C)c2ccc(C(F)(F)F)cc2)c3ccccc3,1.238109014
O=P1(O)OC2=C(C3=C(C4=CC(C=CC=C5)=C5C=C4)C=CC=C3)C=C6C(CCCC6)=C2C7=C(O1)C(C8=CC=CC=C8C9=CC=C(C=CC=C%10)C%10=C9)=CC%11=C7CCCC%11,O=C(C1=CC=CC=C1)/N=C/C2=CC=C(C(F)(F)F)C=C2,SC1CCCCC1,O=C(NC(SC1CCCCC1)c2ccc(C(F)(F)F)cc2)c3ccccc3,0.858676701
O=P1(O)OC2=C(C3=C(C4=CC(C=CC=C5)=C5C=C4)C=CC=C3)C=C6C(CCCC6)=C2C7=C(O1)C(C8=CC=CC=C8C9=CC=C(C=CC=C%10)C%10=C9)=CC%11=C7CCCC%11,O=C(C1=CC=CC=C1)/N=C/C2=CC=C(Cl)C=C2Cl,CCS,Clc1cc(Cl)c(C(SCC)NC(c2ccccc2)=O)cc1,0.501758501
O=P1(O)OC2=C(C3=C(C4=CC(C=CC=C5)=C5C=C4)C=CC=C3)C=C6C(CCCC6)=C2C7=C(O1)C(C8=CC=CC=C8C9=CC=C(C=CC=C%10)C%10=C9)=CC%11=C7CCCC%11,O=C(C1=CC=CC=C1)/N=C/C2=CC=C(Cl)C=C2Cl,SC1=CC=C(OC)C=C1,Clc1cc(Cl)c(C(Sc2ccc(OC)cc2)NC(c3ccccc3)=O)cc1,1.446325365
O=P1(O)OC2=C(C3=C(C4=CC(C=CC=C5)=C5C=C4)C=CC=C3)C=C6C(CCCC6)=C2C7=C(O1)C(C8=CC=CC=C8C9=CC=C(C=CC=C%10)C%10=C9)=CC%11=C7CCCC%11,O=C(C1=CC=CC=C1)/N=C/C2=CC=C(Cl)C=C2Cl,SC1=CC=CC=C1,Clc1cc(Cl)c(C(Sc2ccccc2)NC(c3ccccc3)=O)cc1,1.446325365
O=P1(O)OC2=C(C3=C(C4=CC(C=CC=C5)=C5C=C4)C=CC=C3)C=C6C(CCCC6)=C2C7=C(O1)C(C8=CC=CC=C8C9=CC=C(C=CC=C%10)C%10=C9)=CC%11=C7CCCC%11,O=C(C1=CC=CC=C1)/N=C/C2=CC=C(Cl)C=C2Cl,SC1=CC=CC=C1C,Clc1cc(Cl)c(C(Sc2ccccc2C)NC(c3ccccc3)=O)cc1,1.370103771
O=P1(O)OC2=C(C3=C(C4=CC(C=CC=C5)=C5C=C4)C=CC=C3)C=C6C(CCCC6)=C2C7=C(O1)C(C8=CC=CC=C8C9=CC=C(C=CC=C%10)C%10=C9)=CC%11=C7CCCC%11,O=C(C1=CC=CC=C1)/N=C/C2=CC=C(Cl)C=C2Cl,SC1CCCCC1,Clc1cc(Cl)c(C(SC2CCCCC2)NC(c3ccccc3)=O)cc1,0.650583556
O=P1(O)OC2=C(C3=C(C4=CC(C=CC=C5)=C5C=C4)C=CC=C3)C=C6C(CCCC6)=C2C7=C(O1)C(C8=CC=CC=C8C9=CC=C(C=CC=C%10)C%10=C9)=CC%11=C7CCCC%11,O=C(C1=CC=CC=C1)/N=C/C2=CC=C(OC)C=C2,CCS,COc1ccc(C(SCC)NC(c2ccccc2)=O)cc1,0.784603173
O=P1(O)OC2=C(C3=C(C4=CC(C=CC=C5)=C5C=C4)C=CC=C3)C=C6C(CCCC6)=C2C7=C(O1)C(C8=CC=CC=C8C9=CC=C(C=CC=C%10)C%10=C9)=CC%11=C7CCCC%11,O=C(C1=CC=CC=C1)/N=C/C2=CC=C(OC)C=C2,SC1=CC=C(OC)C=C1,COc1ccc(C(Sc2ccc(OC)cc2)NC(c3ccccc3)=O)cc1,1.531802956
O=P1(O)OC2=C(C3=C(C4=CC(C=CC=C5)=C5C=C4)C=CC=C3)C=C6C(CCCC6)=C2C7=C(O1)C(C8=CC=CC=C8C9=CC=C(C=CC=C%10)C%10=C9)=CC%11=C7CCCC%11,O=C(C1=CC=CC=C1)/N=C/C2=CC=C(OC)C=C2,SC1=CC=CC=C1,COc1ccc(C(Sc2ccccc2)NC(c3ccccc3)=O)cc1,1.238109014
O=P1(O)OC2=C(C3=C(C4=CC(C=CC=C5)=C5C=C4)C=CC=C3)C=C6C(CCCC6)=C2C7=C(O1)C(C8=CC=CC=C8C9=CC=C(C=CC=C%10)C%10=C9)=CC%11=C7CCCC%11,O=C(C1=CC=CC=C1)/N=C/C2=CC=C(OC)C=C2,SC1=CC=CC=C1C,COc1ccc(C(Sc2ccccc2C)NC(c3ccccc3)=O)cc1,1.301167112
O=P1(O)OC2=C(C3=C(C4=CC(C=CC=C5)=C5C=C4)C=CC=C3)C=C6C(CCCC6)=C2C7=C(O1)C(C8=CC=CC=C8C9=CC=C(C=CC=C%10)C%10=C9)=CC%11=C7CCCC%11,O=C(C1=CC=CC=C1)/N=C/C2=CC=C(OC)C=C2,SC1CCCCC1,COc1ccc(C(SC2CCCCC2)NC(c3ccccc3)=O)cc1,0.820945045
O=P1(O)OC2=C(C3=C(C4=CC(C=CC=C5)=C5C=C4)C=CC=C3)C=C6C(CCCC6)=C2C7=C(O1)C(C8=CC=CC=C8C9=CC=C(C=CC=C%10)C%10=C9)=CC%11=C7CCCC%11,O=C(C1=CC=CC=C1)/N=C/C2=CC=CC=C2,CCS,O=C(NC(SCC)c1ccccc1)c2ccccc2,0.820945045
O=P1(O)OC2=C(C3=C(C4=CC(C=CC=C5)=C5C=C4)C=CC=C3)C=C6C(CCCC6)=C2C7=C(O1)C(C8=CC=CC=C8C9=CC=C(C=CC=C%10)C%10=C9)=CC%11=C7CCCC%11,O=C(C1=CC=CC=C1)/N=C/C2=CC=CC=C2,SC1=CC=C(OC)C=C1,O=C(NC(Sc1ccc(OC)cc1)c2ccccc2)c3ccccc3,1.446325365
O=P1(O)OC2=C(C3=C(C4=CC(C=CC=C5)=C5C=C4)C=CC=C3)C=C6C(CCCC6)=C2C7=C(O1)C(C8=CC=CC=C8C9=CC=C(C=CC=C%10)C%10=C9)=CC%11=C7CCCC%11,O=C(C1=CC=CC=C1)/N=C/C2=CC=CC=C2,SC1=CC=CC=C1,O=C(NC(Sc1ccccc1)c2ccccc2)c3ccccc3,1.743657522
O=P1(O)OC2=C(C3=C(C4=CC(C=CC=C5)=C5C=C4)C=CC=C3)C=C6C(CCCC6)=C2C7=C(O1)C(C8=CC=CC=C8C9=CC=C(C=CC=C%10)C%10=C9)=CC%11=C7CCCC%11,O=C(C1=CC=CC=C1)/N=C/C2=CC=CC=C2,SC1=CC=CC=C1C,O=C(NC(Sc1ccccc1C)c2ccccc2)c3ccccc3,1.17989059
O=P1(O)OC2=C(C3=C(C4=CC(C=CC=C5)=C5C=C4)C=CC=C3)C=C6C(CCCC6)=C2C7=C(O1)C(C8=CC=CC=C8C9=CC=C(C=CC=C%10)C%10=C9)=CC%11=C7CCCC%11,O=C(C1=CC=CC=C1)/N=C/C2=CC=CC=C2,SC1CCCCC1,O=C(NC(SC1CCCCC1)c2ccccc2)c3ccccc3,0.820945045
O=P1(O)OC2=C(C3=C(C4=CC(C=CC=C5)=C5C=C4)C=CC=C3)C=C6C(CCCC6)=C2C7=C(O1)C(C8=CC=CC=C8C9=CC=C(C=CC=C%10)C%10=C9)=CC%11=C7CCCC%11,O=C(C1=CC=CC=C1)/N=C/C2=CC=CC3=C2C=CC=C3,CCS,O=C(NC(SCC)c1cccc2ccccc12)c3ccccc3,0.559297578
O=P1(O)OC2=C(C3=C(C4=CC(C=CC=C5)=C5C=C4)C=CC=C3)C=C6C(CCCC6)=C2C7=C(O1)C(C8=CC=CC=C8C9=CC=C(C=CC=C%10)C%10=C9)=CC%11=C7CCCC%11,O=C(C1=CC=CC=C1)/N=C/C2=CC=CC3=C2C=CC=C3,SC1=CC=C(OC)C=C1,O=C(NC(Sc1ccc(OC)cc1)c2cccc3ccccc23)c4ccccc4,1.743657522
O=P1(O)OC2=C(C3=C(C4=CC(C=CC=C5)=C5C=C4)C=CC=C3)C=C6C(CCCC6)=C2C7=C(O1)C(C8=CC=CC=C8C9=CC=C(C=CC=C%10)C%10=C9)=CC%11=C7CCCC%11,O=C(C1=CC=CC=C1)/N=C/C2=CC=CC3=C2C=CC=C3,SC1=CC=CC=C1,O=C(NC(Sc1ccccc1)c2cccc3ccccc23)c4ccccc4,2.058499317
O=P1(O)OC2=C(C3=C(C4=CC(C=CC=C5)=C5C=C4)C=CC=C3)C=C6C(CCCC6)=C2C7=C(O1)C(C8=CC=CC=C8C9=CC=C(C=CC=C%10)C%10=C9)=CC%11=C7CCCC%11,O=C(C1=CC=CC=C1)/N=C/C2=CC=CC3=C2C=CC=C3,SC1=CC=CC=C1C,O=C(NC(Sc1c(C)cccc1)c2cccc3ccccc23)c4ccccc4,1.629422542
O=P1(O)OC2=C(C3=C(C4=CC(C=CC=C5)=C5C=C4)C=CC=C3)C=C6C(CCCC6)=C2C7=C(O1)C(C8=CC=CC=C8C9=CC=C(C=CC=C%10)C%10=C9)=CC%11=C7CCCC%11,O=C(C1=CC=CC=C1)/N=C/C2=CC=CC3=C2C=CC=C3,SC1CCCCC1,O=C(NC(SC1CCCCC1)c2cccc3ccccc23)c4ccccc4,0.650583556
O=P1(O)OC2=C(C3=C(C4CCCCC4)C=C(C5CCCCC5)C=C3C6CCCCC6)C=C7C(C=CC=C7)=C2C8=C(O1)[C@@]([C@@]9=C(C%10CCCCC%10)C=C(C%11CCCCC%11)C=C9C%12CCCCC%12)=CC%13=C8C=CC=C%13,O=C(C1=CC=CC=C1)/N=C/C2=CC=C(C(F)(F)F)C=C2,CCS,O=C(NC(SCC)c1ccc(C(F)(F)F)cc1)c2ccccc2,1.531802956
O=P1(O)OC2=C(C3=C(C4CCCCC4)C=C(C5CCCCC5)C=C3C6CCCCC6)C=C7C(C=CC=C7)=C2C8=C(O1)[C@@]([C@@]9=C(C%10CCCCC%10)C=C(C%11CCCCC%11)C=C9C%12CCCCC%12)=CC%13=C8C=CC=C%13,O=C(C1=CC=CC=C1)/N=C/C2=CC=C(C(F)(F)F)C=C2,SC1=CC=C(OC)C=C1,O=C(NC(Sc1ccc(OC)cc1)c2ccc(C(F)(F)F)cc2)c3ccccc3,3.134624572
O=P1(O)OC2=C(C3=C(C4CCCCC4)C=C(C5CCCCC5)C=C3C6CCCCC6)C=C7C(C=CC=C7)=C2C8=C(O1)[C@@]([C@@]9=C(C%10CCCCC%10)C=C(C%11CCCCC%11)C=C9C%12CCCCC%12)=CC%13=C8C=CC=C%13,O=C(C1=CC=CC=C1)/N=C/C2=CC=C(C(F)(F)F)C=C2,SC1=CC=CC=C1,O=C(NC(Sc1ccccc1)c2ccc(C(F)(F)F)cc2)c3ccccc3,3.134624572
O=P1(O)OC2=C(C3=C(C4CCCCC4)C=C(C5CCCCC5)C=C3C6CCCCC6)C=C7C(C=CC=C7)=C2C8=C(O1)[C@@]([C@@]9=C(C%10CCCCC%10)C=C(C%11CCCCC%11)C=C9C%12CCCCC%12)=CC%13=C8C=CC=C%13,O=C(C1=CC=CC=C1)/N=C/C2=CC=C(C(F)(F)F)C=C2,SC1=CC=CC=C1C,O=C(NC(Sc1ccccc1C)c2ccc(C(F)(F)F)cc2)c3ccccc3,2.058499317
O=P1(O)OC2=C(C3=C(C4CCCCC4)C=C(C5CCCCC5)C=C3C6CCCCC6)C=C7C(C=CC=C7)=C2C8=C(O1)[C@@]([C@@]9=C(C%10CCCCC%10)C=C(C%11CCCCC%11)C=C9C%12CCCCC%12)=CC%13=C8C=CC=C%13,O=C(C1=CC=CC=C1)/N=C/C2=CC=C(C(F)(F)F)C=C2,SC1CCCCC1,O=C(NC(SC1CCCCC1)c2ccc(C(F)(F)F)cc2)c3ccccc3,2.304684113
O=P1(O)OC2=C(C3=C(C4CCCCC4)C=C(C5CCCCC5)C=C3C6CCCCC6)C=C7C(C=CC=C7)=C2C8=C(O1)[C@@]([C@@]9=C(C%10CCCCC%10)C=C(C%11CCCCC%11)C=C9C%12CCCCC%12)=CC%13=C8C=CC=C%13,O=C(C1=CC=CC=C1)/N=C/C2=CC=C(Cl)C=C2Cl,CCS,Clc1cc(Cl)c(C(SCC)NC(c2ccccc2)=O)cc1,1.17989059
O=P1(O)OC2=C(C3=C(C4CCCCC4)C=C(C5CCCCC5)C=C3C6CCCCC6)C=C7C(C=CC=C7)=C2C8=C(O1)[C@@]([C@@]9=C(C%10CCCCC%10)C=C(C%11CCCCC%11)C=C9C%12CCCCC%12)=CC%13=C8C=CC=C%13,O=C(C1=CC=CC=C1)/N=C/C2=CC=C(Cl)C=C2Cl,SC1=CC=C(OC)C=C1,Clc1cc(Cl)c(C(Sc2ccc(OC)cc2)NC(c3ccccc3)=O)cc1,3.134624572
O=P1(O)OC2=C(C3=C(C4CCCCC4)C=C(C5CCCCC5)C=C3C6CCCCC6)C=C7C(C=CC=C7)=C2C8=C(O1)[C@@]([C@@]9=C(C%10CCCCC%10)C=C(C%11CCCCC%11)C=C9C%12CCCCC%12)=CC%13=C8C=CC=C%13,O=C(C1=CC=CC=C1)/N=C/C2=CC=C(Cl)C=C2Cl,SC1=CC=CC=C1,Clc1cc(Cl)c(C(Sc2ccccc2)NC(c3ccccc3)=O)cc1,3.134624572
O=P1(O)OC2=C(C3=C(C4CCCCC4)C=C(C5CCCCC5)C=C3C6CCCCC6)C=C7C(C=CC=C7)=C2C8=C(O1)[C@@]([C@@]9=C(C%10CCCCC%10)C=C(C%11CCCCC%11)C=C9C%12CCCCC%12)=CC%13=C8C=CC=C%13,O=C(C1=CC=CC=C1)/N=C/C2=CC=C(Cl)C=C2Cl,SC1=CC=CC=C1C,Clc1cc(Cl)c(C(Sc2ccccc2C)NC(c3ccccc3)=O)cc1,3.134624572
O=P1(O)OC2=C(C3=C(C4CCCCC4)C=C(C5CCCCC5)C=C3C6CCCCC6)C=C7C(C=CC=C7)=C2C8=C(O1)[C@@]([C@@]9=C(C%10CCCCC%10)C=C(C%11CCCCC%11)C=C9C%12CCCCC%12)=CC%13=C8C=CC=C%13,O=C(C1=CC=CC=C1)/N=C/C2=CC=C(Cl)C=C2Cl,SC1CCCCC1,Clc1cc(Cl)c(C(SC2CCCCC2)NC(c3ccccc3)=O)cc1,2.058499317
O=P1(O)OC2=C(C3=C(C4CCCCC4)C=C(C5CCCCC5)C=C3C6CCCCC6)C=C7C(C=CC=C7)=C2C8=C(O1)[C@@]([C@@]9=C(C%10CCCCC%10)C=C(C%11CCCCC%11)C=C9C%12CCCCC%12)=CC%13=C8C=CC=C%13,O=C(C1=CC=CC=C1)/N=C/C2=CC=C(OC)C=C2,CCS,COc1ccc(C(SCC)NC(c2ccccc2)=O)cc1,1.629422542
O=P1(O)OC2=C(C3=C(C4CCCCC4)C=C(C5CCCCC5)C=C3C6CCCCC6)C=C7C(C=CC=C7)=C2C8=C(O1)[C@@]([C@@]9=C(C%10CCCCC%10)C=C(C%11CCCCC%11)C=C9C%12CCCCC%12)=CC%13=C8C=CC=C%13,O=C(C1=CC=CC=C1)/N=C/C2=CC=C(OC)C=C2,SC1=CC=C(OC)C=C1,COc1ccc(C(Sc2ccc(OC)cc2)NC(c3ccccc3)=O)cc1,3.134624572
O=P1(O)OC2=C(C3=C(C4CCCCC4)C=C(C5CCCCC5)C=C3C6CCCCC6)C=C7C(C=CC=C7)=C2C8=C(O1)[C@@]([C@@]9=C(C%10CCCCC%10)C=C(C%11CCCCC%11)C=C9C%12CCCCC%12)=CC%13=C8C=CC=C%13,O=C(C1=CC=CC=C1)/N=C/C2=CC=C(OC)C=C2,SC1=CC=CC=C1,COc1ccc(C(Sc2ccccc2)NC(c3ccccc3)=O)cc1,2.058499317
O=P1(O)OC2=C(C3=C(C4CCCCC4)C=C(C5CCCCC5)C=C3C6CCCCC6)C=C7C(C=CC=C7)=C2C8=C(O1)[C@@]([C@@]9=C(C%10CCCCC%10)C=C(C%11CCCCC%11)C=C9C%12CCCCC%12)=CC%13=C8C=CC=C%13,O=C(C1=CC=CC=C1)/N=C/C2=CC=C(OC)C=C2,SC1=CC=CC=C1C,COc1ccc(C(Sc2ccccc2C)NC(c3ccccc3)=O)cc1,3.134624572
O=P1(O)OC2=C(C3=C(C4CCCCC4)C=C(C5CCCCC5)C=C3C6CCCCC6)C=C7C(C=CC=C7)=C2C8=C(O1)[C@@]([C@@]9=C(C%10CCCCC%10)C=C(C%11CCCCC%11)C=C9C%12CCCCC%12)=CC%13=C8C=CC=C%13,O=C(C1=CC=CC=C1)/N=C/C2=CC=C(OC)C=C2,SC1CCCCC1,COc1ccc(C(SC2CCCCC2)NC(c3ccccc3)=O)cc1,1.743657522
O=P1(O)OC2=C(C3=C(C4CCCCC4)C=C(C5CCCCC5)C=C3C6CCCCC6)C=C7C(C=CC=C7)=C2C8=C(O1)[C@@]([C@@]9=C(C%10CCCCC%10)C=C(C%11CCCCC%11)C=C9C%12CCCCC%12)=CC%13=C8C=CC=C%13,O=C(C1=CC=CC=C1)/N=C/C2=CC=CC=C2,CCS,O=C(NC(SCC)c1ccccc1)c2ccccc2,1.882001124
O=P1(O)OC2=C(C3=C(C4CCCCC4)C=C(C5CCCCC5)C=C3C6CCCCC6)C=C7C(C=CC=C7)=C2C8=C(O1)[C@@]([C@@]9=C(C%10CCCCC%10)C=C(C%11CCCCC%11)C=C9C%12CCCCC%12)=CC%13=C8C=CC=C%13,O=C(C1=CC=CC=C1)/N=C/C2=CC=CC=C2,SC1=CC=C(OC)C=C1,O=C(NC(Sc1ccc(OC)cc1)c2ccccc2)c3ccccc3,2.058499317
O=P1(O)OC2=C(C3=C(C4CCCCC4)C=C(C5CCCCC5)C=C3C6CCCCC6)C=C7C(C=CC=C7)=C2C8=C(O1)[C@@]([C@@]9=C(C%10CCCCC%10)C=C(C%11CCCCC%11)C=C9C%12CCCCC%12)=CC%13=C8C=CC=C%13,O=C(C1=CC=CC=C1)/N=C/C2=CC=CC=C2,SC1=CC=CC=C1,O=C(NC(Sc1ccccc1)c2ccccc2)c3ccccc3,3.134624572
O=P1(O)OC2=C(C3=C(C4CCCCC4)C=C(C5CCCCC5)C=C3C6CCCCC6)C=C7C(C=CC=C7)=C2C8=C(O1)[C@@]([C@@]9=C(C%10CCCCC%10)C=C(C%11CCCCC%11)C=C9C%12CCCCC%12)=CC%13=C8C=CC=C%13,O=C(C1=CC=CC=C1)/N=C/C2=CC=CC=C2,SC1=CC=CC=C1C,O=C(NC(Sc1ccccc1C)c2ccccc2)c3ccccc3,2.304684113
O=P1(O)OC2=C(C3=C(C4CCCCC4)C=C(C5CCCCC5)C=C3C6CCCCC6)C=C7C(C=CC=C7)=C2C8=C(O1)[C@@]([C@@]9=C(C%10CCCCC%10)C=C(C%11CCCCC%11)C=C9C%12CCCCC%12)=CC%13=C8C=CC=C%13,O=C(C1=CC=CC=C1)/N=C/C2=CC=CC=C2,SC1CCCCC1,O=C(NC(SC1CCCCC1)c2ccccc2)c3ccccc3,1.531802956
O=P1(O)OC2=C(C3=C(C4CCCCC4)C=C(C5CCCCC5)C=C3C6CCCCC6)C=C7C(C=CC=C7)=C2C8=C(O1)[C@@]([C@@]9=C(C%10CCCCC%10)C=C(C%11CCCCC%11)C=C9C%12CCCCC%12)=CC%13=C8C=CC=C%13,O=C(C1=CC=CC=C1)/N=C/C2=CC=CC3=C2C=CC=C3,CCS,O=C(NC(SCC)c1cccc2ccccc12)c3ccccc3,1.301167112
O=P1(O)OC2=C(C3=C(C4CCCCC4)C=C(C5CCCCC5)C=C3C6CCCCC6)C=C7C(C=CC=C7)=C2C8=C(O1)[C@@]([C@@]9=C(C%10CCCCC%10)C=C(C%11CCCCC%11)C=C9C%12CCCCC%12)=CC%13=C8C=CC=C%13,O=C(C1=CC=CC=C1)/N=C/C2=CC=CC3=C2C=CC=C3,SC1=CC=C(OC)C=C1,O=C(NC(Sc1ccc(OC)cc1)c2cccc3ccccc23)c4ccccc4,3.134624572
O=P1(O)OC2=C(C3=C(C4CCCCC4)C=C(C5CCCCC5)C=C3C6CCCCC6)C=C7C(C=CC=C7)=C2C8=C(O1)[C@@]([C@@]9=C(C%10CCCCC%10)C=C(C%11CCCCC%11)C=C9C%12CCCCC%12)=CC%13=C8C=CC=C%13,O=C(C1=CC=CC=C1)/N=C/C2=CC=CC3=C2C=CC=C3,SC1=CC=CC=C1,O=C(NC(Sc1ccccc1)c2cccc3ccccc23)c4ccccc4,3.134624572
O=P1(O)OC2=C(C3=C(C4CCCCC4)C=C(C5CCCCC5)C=C3C6CCCCC6)C=C7C(C=CC=C7)=C2C8=C(O1)[C@@]([C@@]9=C(C%10CCCCC%10)C=C(C%11CCCCC%11)C=C9C%12CCCCC%12)=CC%13=C8C=CC=C%13,O=C(C1=CC=CC=C1)/N=C/C2=CC=CC3=C2C=CC=C3,SC1=CC=CC=C1C,O=C(NC(Sc1c(C)cccc1)c2cccc3ccccc23)c4ccccc4,3.134624572
O=P1(O)OC2=C(C3=C(C4CCCCC4)C=C(C5CCCCC5)C=C3C6CCCCC6)C=C7C(C=CC=C7)=C2C8=C(O1)[C@@]([C@@]9=C(C%10CCCCC%10)C=C(C%11CCCCC%11)C=C9C%12CCCCC%12)=CC%13=C8C=CC=C%13,O=C(C1=CC=CC=C1)/N=C/C2=CC=CC3=C2C=CC=C3,SC1CCCCC1,O=C(NC(SC1CCCCC1)c2cccc3ccccc23)c4ccccc4,1.743657522
O=P1(O)OC2=C(C3=C(F)C=C(OC)C=C3F)C=C4C(C=CC=C4)=[C@]2[C@]5=C(O1)C(C6=C(F)C=C(OC)C=C6F)=CC7=C5C=CC=C7,O=C(C1=CC=CC=C1)/N=C/C2=CC=C(C(F)(F)F)C=C2,CCS,O=C(NC(SCC)c1ccc(C(F)(F)F)cc1)c2ccccc2,1.074990526
O=P1(O)OC2=C(C3=C(F)C=C(OC)C=C3F)C=C4C(C=CC=C4)=[C@]2[C@]5=C(O1)C(C6=C(F)C=C(OC)C=C6F)=CC7=C5C=CC=C7,O=C(C1=CC=CC=C1)/N=C/C2=CC=C(C(F)(F)F)C=C2,SC1=CC=C(OC)C=C1,O=C(NC(Sc1ccc(OC)cc1)c2ccc(C(F)(F)F)cc2)c3ccccc3,1.370103771
O=P1(O)OC2=C(C3=C(F)C=C(OC)C=C3F)C=C4C(C=CC=C4)=[C@]2[C@]5=C(O1)C(C6=C(F)C=C(OC)C=C6F)=CC7=C5C=CC=C7,O=C(C1=CC=CC=C1)/N=C/C2=CC=C(C(F)(F)F)C=C2,SC1=CC=CC=C1,O=C(NC(Sc1ccccc1)c2ccc(C(F)(F)F)cc2)c3ccccc3,1.446325365
O=P1(O)OC2=C(C3=C(F)C=C(OC)C=C3F)C=C4C(C=CC=C4)=[C@]2[C@]5=C(O1)C(C6=C(F)C=C(OC)C=C6F)=CC7=C5C=CC=C7,O=C(C1=CC=CC=C1)/N=C/C2=CC=C(C(F)(F)F)C=C2,SC1=CC=CC=C1C,O=C(NC(Sc1ccccc1C)c2ccc(C(F)(F)F)cc2)c3ccccc3,1.446325365
O=P1(O)OC2=C(C3=C(F)C=C(OC)C=C3F)C=C4C(C=CC=C4)=[C@]2[C@]5=C(O1)C(C6=C(F)C=C(OC)C=C6F)=CC7=C5C=CC=C7,O=C(C1=CC=CC=C1)/N=C/C2=CC=C(C(F)(F)F)C=C2,SC1CCCCC1,O=C(NC(SC1CCCCC1)c2ccc(C(F)(F)F)cc2)c3ccccc3,0.820945045
O=P1(O)OC2=C(C3=C(F)C=C(OC)C=C3F)C=C4C(C=CC=C4)=[C@]2[C@]5=C(O1)C(C6=C(F)C=C(OC)C=C6F)=CC7=C5C=CC=C7,O=C(C1=CC=CC=C1)/N=C/C2=CC=C(Cl)C=C2Cl,CCS,Clc1cc(Cl)c(C(SCC)NC(c2ccccc2)=O)cc1,0.820945045
O=P1(O)OC2=C(C3=C(F)C=C(OC)C=C3F)C=C4C(C=CC=C4)=[C@]2[C@]5=C(O1)C(C6=C(F)C=C(OC)C=C6F)=CC7=C5C=CC=C7,O=C(C1=CC=CC=C1)/N=C/C2=CC=C(Cl)C=C2Cl,SC1=CC=C(OC)C=C1,Clc1cc(Cl)c(C(Sc2ccc(OC)cc2)NC(c3ccccc3)=O)cc1,1.446325365
O=P1(O)OC2=C(C3=C(F)C=C(OC)C=C3F)C=C4C(C=CC=C4)=[C@]2[C@]5=C(O1)C(C6=C(F)C=C(OC)C=C6F)=CC7=C5C=CC=C7,O=C(C1=CC=CC=C1)/N=C/C2=CC=C(Cl)C=C2Cl,SC1=CC=CC=C1,Clc1cc(Cl)c(C(Sc2ccccc2)NC(c3ccccc3)=O)cc1,1.629422542
O=P1(O)OC2=C(C3=C(F)C=C(OC)C=C3F)C=C4C(C=CC=C4)=[C@]2[C@]5=C(O1)C(C6=C(F)C=C(OC)C=C6F)=CC7=C5C=CC=C7,O=C(C1=CC=CC=C1)/N=C/C2=CC=C(Cl)C=C2Cl,SC1=CC=CC=C1C,Clc1cc(Cl)c(C(Sc2ccccc2C)NC(c3ccccc3)=O)cc1,1.531802956
O=P1(O)OC2=C(C3=C(F)C=C(OC)C=C3F)C=C4C(C=CC=C4)=[C@]2[C@]5=C(O1)C(C6=C(F)C=C(OC)C=C6F)=CC7=C5C=CC=C7,O=C(C1=CC=CC=C1)/N=C/C2=CC=C(Cl)C=C2Cl,SC1CCCCC1,Clc1cc(Cl)c(C(SC2CCCCC2)NC(c3ccccc3)=O)cc1,0.897960775
O=P1(O)OC2=C(C3=C(F)C=C(OC)C=C3F)C=C4C(C=CC=C4)=[C@]2[C@]5=C(O1)C(C6=C(F)C=C(OC)C=C6F)=CC7=C5C=CC=C7,O=C(C1=CC=CC=C1)/N=C/C2=CC=C(OC)C=C2,CCS,COc1ccc(C(SCC)NC(c2ccccc2)=O)cc1,0.820945045
O=P1(O)OC2=C(C3=C(F)C=C(OC)C=C3F)C=C4C(C=CC=C4)=[C@]2[C@]5=C(O1)C(C6=C(F)C=C(OC)C=C6F)=CC7=C5C=CC=C7,O=C(C1=CC=CC=C1)/N=C/C2=CC=C(OC)C=C2,SC1=CC=C(OC)C=C1,COc1ccc(C(Sc2ccc(OC)cc2)NC(c3ccccc3)=O)cc1,1.531802956
O=P1(O)OC2=C(C3=C(F)C=C(OC)C=C3F)C=C4C(C=CC=C4)=[C@]2[C@]5=C(O1)C(C6=C(F)C=C(OC)C=C6F)=CC7=C5C=CC=C7,O=C(C1=CC=CC=C1)/N=C/C2=CC=C(OC)C=C2,SC1=CC=CC=C1,COc1ccc(C(Sc2ccccc2)NC(c3ccccc3)=O)cc1,1.238109014
O=P1(O)OC2=C(C3=C(F)C=C(OC)C=C3F)C=C4C(C=CC=C4)=[C@]2[C@]5=C(O1)C(C6=C(F)C=C(OC)C=C6F)=CC7=C5C=CC=C7,O=C(C1=CC=CC=C1)/N=C/C2=CC=C(OC)C=C2,SC1=CC=CC=C1C,COc1ccc(C(Sc2ccccc2C)NC(c3ccccc3)=O)cc1,1.629422542
O=P1(O)OC2=C(C3=C(F)C=C(OC)C=C3F)C=C4C(C=CC=C4)=[C@]2[C@]5=C(O1)C(C6=C(F)C=C(OC)C=C6F)=CC7=C5C=CC=C7,O=C(C1=CC=CC=C1)/N=C/C2=CC=C(OC)C=C2,SC1CCCCC1,COc1ccc(C(SC2CCCCC2)NC(c3ccccc3)=O)cc1,0.897960775
O=P1(O)OC2=C(C3=C(F)C=C(OC)C=C3F)C=C4C(C=CC=C4)=[C@]2[C@]5=C(O1)C(C6=C(F)C=C(OC)C=C6F)=CC7=C5C=CC=C7,O=C(C1=CC=CC=C1)/N=C/C2=CC=CC=C2,CCS,O=C(NC(SCC)c1ccccc1)c2ccccc2,0.981980567
O=P1(O)OC2=C(C3=C(F)C=C(OC)C=C3F)C=C4C(C=CC=C4)=[C@]2[C@]5=C(O1)C(C6=C(F)C=C(OC)C=C6F)=CC7=C5C=CC=C7,O=C(C1=CC=CC=C1)/N=C/C2=CC=CC=C2,SC1=CC=C(OC)C=C1,O=C(NC(Sc1ccc(OC)cc1)c2ccccc2)c3ccccc3,1.370103771
O=P1(O)OC2=C(C3=C(F)C=C(OC)C=C3F)C=C4C(C=CC=C4)=[C@]2[C@]5=C(O1)C(C6=C(F)C=C(OC)C=C6F)=CC7=C5C=CC=C7,O=C(C1=CC=CC=C1)/N=C/C2=CC=CC=C2,SC1=CC=CC=C1,O=C(NC(Sc1ccccc1)c2ccccc2)c3ccccc3,1.531802956
O=P1(O)OC2=C(C3=C(F)C=C(OC)C=C3F)C=C4C(C=CC=C4)=[C@]2[C@]5=C(O1)C(C6=C(F)C=C(OC)C=C6F)=CC7=C5C=CC=C7,O=C(C1=CC=CC=C1)/N=C/C2=CC=CC=C2,SC1=CC=CC=C1C,O=C(NC(Sc1ccccc1C)c2ccccc2)c3ccccc3,1.629422542
O=P1(O)OC2=C(C3=C(F)C=C(OC)C=C3F)C=C4C(C=CC=C4)=[C@]2[C@]5=C(O1)C(C6=C(F)C=C(OC)C=C6F)=CC7=C5C=CC=C7,O=C(C1=CC=CC=C1)/N=C/C2=CC=CC=C2,SC1CCCCC1,O=C(NC(SC1CCCCC1)c2ccccc2)c3ccccc3,1.074990526
O=P1(O)OC2=C(C3=C(F)C=C(OC)C=C3F)C=C4C(C=CC=C4)=[C@]2[C@]5=C(O1)C(C6=C(F)C=C(OC)C=C6F)=CC7=C5C=CC=C7,O=C(C1=CC=CC=C1)/N=C/C2=CC=CC3=C2C=CC=C3,CCS,O=C(NC(SCC)c1cccc2ccccc12)c3ccccc3,0.858676701
O=P1(O)OC2=C(C3=C(F)C=C(OC)C=C3F)C=C4C(C=CC=C4)=[C@]2[C@]5=C(O1)C(C6=C(F)C=C(OC)C=C6F)=CC7=C5C=CC=C7,O=C(C1=CC=CC=C1)/N=C/C2=CC=CC3=C2C=CC=C3,SC1=CC=C(OC)C=C1,O=C(NC(Sc1ccc(OC)cc1)c2cccc3ccccc23)c4ccccc4,1.370103771
O=P1(O)OC2=C(C3=C(F)C=C(OC)C=C3F)C=C4C(C=CC=C4)=[C@]2[C@]5=C(O1)C(C6=C(F)C=C(OC)C=C6F)=CC7=C5C=CC=C7,O=C(C1=CC=CC=C1)/N=C/C2=CC=CC3=C2C=CC=C3,SC1=CC=CC=C1,O=C(NC(Sc1ccccc1)c2cccc3ccccc23)c4ccccc4,1.743657522
O=P1(O)OC2=C(C3=C(F)C=C(OC)C=C3F)C=C4C(C=CC=C4)=[C@]2[C@]5=C(O1)C(C6=C(F)C=C(OC)C=C6F)=CC7=C5C=CC=C7,O=C(C1=CC=CC=C1)/N=C/C2=CC=CC3=C2C=CC=C3,SC1=CC=CC=C1C,O=C(NC(Sc1c(C)cccc1)c2cccc3ccccc23)c4ccccc4,1.446325365
O=P1(O)OC2=C(C3=C(F)C=C(OC)C=C3F)C=C4C(C=CC=C4)=[C@]2[C@]5=C(O1)C(C6=C(F)C=C(OC)C=C6F)=CC7=C5C=CC=C7,O=C(C1=CC=CC=C1)/N=C/C2=CC=CC3=C2C=CC=C3,SC1CCCCC1,O=C(NC(SC1CCCCC1)c2cccc3ccccc23)c4ccccc4,1.027207628
O=P1(O)OC2=C(C3=CC(C(F)(F)F)=CC(C(F)(F)F)=C3)C=C4C(CCCC4)=C2C5=C(O1)C(C6=CC(C(F)(F)F)=CC(C(F)(F)F)=C6)=CC7=C5CCCC7,O=C(C1=CC=CC=C1)/N=C/C2=CC=C(C(F)(F)F)C=C2,CCS,O=C(NC(SCC)c1ccc(C(F)(F)F)cc1)c2ccccc2,0.366586769
O=P1(O)OC2=C(C3=CC(C(F)(F)F)=CC(C(F)(F)F)=C3)C=C4C(CCCC4)=C2C5=C(O1)C(C6=CC(C(F)(F)F)=CC(C(F)(F)F)=C6)=CC7=C5CCCC7,O=C(C1=CC=CC=C1)/N=C/C2=CC=C(C(F)(F)F)C=C2,SC1=CC=C(OC)C=C1,O=C(NC(Sc1ccc(OC)cc1)c2ccc(C(F)(F)F)cc2)c3ccccc3,1.125722444
O=P1(O)OC2=C(C3=CC(C(F)(F)F)=CC(C(F)(F)F)=C3)C=C4C(CCCC4)=C2C5=C(O1)C(C6=CC(C(F)(F)F)=CC(C(F)(F)F)=C6)=CC7=C5CCCC7,O=C(C1=CC=CC=C1)/N=C/C2=CC=C(C(F)(F)F)C=C2,SC1=CC=CC=C1,O=C(NC(Sc1ccccc1)c2ccc(C(F)(F)F)cc2)c3ccccc3,1.17989059
O=P1(O)OC2=C(C3=CC(C(F)(F)F)=CC(C(F)(F)F)=C3)C=C4C(CCCC4)=C2C5=C(O1)C(C6=CC(C(F)(F)F)=CC(C(F)(F)F)=C6)=CC7=C5CCCC7,O=C(C1=CC=CC=C1)/N=C/C2=CC=C(C(F)(F)F)C=C2,SC1=CC=CC=C1C,O=C(NC(Sc1ccccc1C)c2ccc(C(F)(F)F)cc2)c3ccccc3,1.370103771
O=P1(O)OC2=C(C3=CC(C(F)(F)F)=CC(C(F)(F)F)=C3)C=C4C(CCCC4)=C2C5=C(O1)C(C6=CC(C(F)(F)F)=CC(C(F)(F)F)=C6)=CC7=C5CCCC7,O=C(C1=CC=CC=C1)/N=C/C2=CC=C(C(F)(F)F)C=C2,SC1CCCCC1,O=C(NC(SC1CCCCC1)c2ccc(C(F)(F)F)cc2)c3ccccc3,0.501758501
O=P1(O)OC2=C(C3=CC(C(F)(F)F)=CC(C(F)(F)F)=C3)C=C4C(CCCC4)=C2C5=C(O1)C(C6=CC(C(F)(F)F)=CC(C(F)(F)F)=C6)=CC7=C5CCCC7,O=C(C1=CC=CC=C1)/N=C/C2=CC=C(Cl)C=C2Cl,CCS,Clc1cc(Cl)c(C(SCC)NC(c2ccccc2)=O)cc1,0.340722979
O=P1(O)OC2=C(C3=CC(C(F)(F)F)=CC(C(F)(F)F)=C3)C=C4C(CCCC4)=C2C5=C(O1)C(C6=CC(C(F)(F)F)=CC(C(F)(F)F)=C6)=CC7=C5CCCC7,O=C(C1=CC=CC=C1)/N=C/C2=CC=C(Cl)C=C2Cl,SC1=CC=C(OC)C=C1,Clc1cc(Cl)c(C(Sc2ccc(OC)cc2)NC(c3ccccc3)=O)cc1,1.125722444
O=P1(O)OC2=C(C3=CC(C(F)(F)F)=CC(C(F)(F)F)=C3)C=C4C(CCCC4)=C2C5=C(O1)C(C6=CC(C(F)(F)F)=CC(C(F)(F)F)=C6)=CC7=C5CCCC7,O=C(C1=CC=CC=C1)/N=C/C2=CC=C(Cl)C=C2Cl,SC1=CC=CC=C1,Clc1cc(Cl)c(C(Sc2ccccc2)NC(c3ccccc3)=O)cc1,1.370103771
O=P1(O)OC2=C(C3=CC(C(F)(F)F)=CC(C(F)(F)F)=C3)C=C4C(CCCC4)=C2C5=C(O1)C(C6=CC(C(F)(F)F)=CC(C(F)(F)F)=C6)=CC7=C5CCCC7,O=C(C1=CC=CC=C1)/N=C/C2=CC=C(Cl)C=C2Cl,SC1=CC=CC=C1C,Clc1cc(Cl)c(C(Sc2ccccc2C)NC(c3ccccc3)=O)cc1,1.027207628
O=P1(O)OC2=C(C3=CC(C(F)(F)F)=CC(C(F)(F)F)=C3)C=C4C(CCCC4)=C2C5=C(O1)C(C6=CC(C(F)(F)F)=CC(C(F)(F)F)=C6)=CC7=C5CCCC7,O=C(C1=CC=CC=C1)/N=C/C2=CC=C(Cl)C=C2Cl,SC1CCCCC1,Clc1cc(Cl)c(C(SC2CCCCC2)NC(c3ccccc3)=O)cc1,0.619408639
O=P1(O)OC2=C(C3=CC(C(F)(F)F)=CC(C(F)(F)F)=C3)C=C4C(CCCC4)=C2C5=C(O1)C(C6=CC(C(F)(F)F)=CC(C(F)(F)F)=C6)=CC7=C5CCCC7,O=C(C1=CC=CC=C1)/N=C/C2=CC=C(OC)C=C2,CCS,COc1ccc(C(SCC)NC(c2ccccc2)=O)cc1,0.473819986
O=P1(O)OC2=C(C3=CC(C(F)(F)F)=CC(C(F)(F)F)=C3)C=C4C(CCCC4)=C2C5=C(O1)C(C6=CC(C(F)(F)F)=CC(C(F)(F)F)=C6)=CC7=C5CCCC7,O=C(C1=CC=CC=C1)/N=C/C2=CC=C(OC)C=C2,SC1=CC=C(OC)C=C1,COc1ccc(C(Sc2ccc(OC)cc2)NC(c3ccccc3)=O)cc1,1.238109014
O=P1(O)OC2=C(C3=CC(C(F)(F)F)=CC(C(F)(F)F)=C3)C=C4C(CCCC4)=C2C5=C(O1)C(C6=CC(C(F)(F)F)=CC(C(F)(F)F)=C6)=CC7=C5CCCC7,O=C(C1=CC=CC=C1)/N=C/C2=CC=C(OC)C=C2,SC1=CC=CC=C1,COc1ccc(C(Sc2ccccc2)NC(c3ccccc3)=O)cc1,1.17989059
O=P1(O)OC2=C(C3=CC(C(F)(F)F)=CC(C(F)(F)F)=C3)C=C4C(CCCC4)=C2C5=C(O1)C(C6=CC(C(F)(F)F)=CC(C(F)(F)F)=C6)=CC7=C5CCCC7,O=C(C1=CC=CC=C1)/N=C/C2=CC=C(OC)C=C2,SC1=CC=CC=C1C,COc1ccc(C(Sc2ccccc2C)NC(c3ccccc3)=O)cc1,1.027207628
O=P1(O)OC2=C(C3=CC(C(F)(F)F)=CC(C(F)(F)F)=C3)C=C4C(CCCC4)=C2C5=C(O1)C(C6=CC(C(F)(F)F)=CC(C(F)(F)F)=C6)=CC7=C5CCCC7,O=C(C1=CC=CC=C1)/N=C/C2=CC=C(OC)C=C2,SC1CCCCC1,COc1ccc(C(SC2CCCCC2)NC(c3ccccc3)=O)cc1,0.366586769
O=P1(O)OC2=C(C3=CC(C(F)(F)F)=CC(C(F)(F)F)=C3)C=C4C(CCCC4)=C2C5=C(O1)C(C6=CC(C(F)(F)F)=CC(C(F)(F)F)=C6)=CC7=C5CCCC7,O=C(C1=CC=CC=C1)/N=C/C2=CC=CC=C2,CCS,O=C(NC(SCC)c1ccccc1)c2ccccc2,0.650583556
O=P1(O)OC2=C(C3=CC(C(F)(F)F)=CC(C(F)(F)F)=C3)C=C4C(CCCC4)=C2C5=C(O1)C(C6=CC(C(F)(F)F)=CC(C(F)(F)F)=C6)=CC7=C5CCCC7,O=C(C1=CC=CC=C1)/N=C/C2=CC=CC=C2,SC1=CC=C(OC)C=C1,O=C(NC(Sc1ccc(OC)cc1)c2ccccc2)c3ccccc3,0.981980567
O=P1(O)OC2=C(C3=CC(C(F)(F)F)=CC(C(F)(F)F)=C3)C=C4C(CCCC4)=C2C5=C(O1)C(C6=CC(C(F)(F)F)=CC(C(F)(F)F)=C6)=CC7=C5CCCC7,O=C(C1=CC=CC=C1)/N=C/C2=CC=CC=C2,SC1=CC=CC=C1,O=C(NC(Sc1ccccc1)c2ccccc2)c3ccccc3,1.531802956
O=P1(O)OC2=C(C3=CC(C(F)(F)F)=CC(C(F)(F)F)=C3)C=C4C(CCCC4)=C2C5=C(O1)C(C6=CC(C(F)(F)F)=CC(C(F)(F)F)=C6)=CC7=C5CCCC7,O=C(C1=CC=CC=C1)/N=C/C2=CC=CC=C2,SC1=CC=CC=C1C,O=C(NC(Sc1ccccc1C)c2ccccc2)c3ccccc3,1.531802956
O=P1(O)OC2=C(C3=CC(C(F)(F)F)=CC(C(F)(F)F)=C3)C=C4C(CCCC4)=C2C5=C(O1)C(C6=CC(C(F)(F)F)=CC(C(F)(F)F)=C6)=CC7=C5CCCC7,O=C(C1=CC=CC=C1)/N=C/C2=CC=CC=C2,SC1CCCCC1,O=C(NC(SC1CCCCC1)c2ccccc2)c3ccccc3,0.749510758
O=P1(O)OC2=C(C3=CC(C(F)(F)F)=CC(C(F)(F)F)=C3)C=C4C(CCCC4)=C2C5=C(O1)C(C6=CC(C(F)(F)F)=CC(C(F)(F)F)=C6)=CC7=C5CCCC7,O=C(C1=CC=CC=C1)/N=C/C2=CC=CC3=C2C=CC=C3,CCS,O=C(NC(SCC)c1cccc2ccccc12)c3ccccc3,0.446373616
O=P1(O)OC2=C(C3=CC(C(F)(F)F)=CC(C(F)(F)F)=C3)C=C4C(CCCC4)=C2C5=C(O1)C(C6=CC(C(F)(F)F)=CC(C(F)(F)F)=C6)=CC7=C5CCCC7,O=C(C1=CC=CC=C1)/N=C/C2=CC=CC3=C2C=CC=C3,SC1=CC=C(OC)C=C1,O=C(NC(Sc1ccc(OC)cc1)c2cccc3ccccc23)c4ccccc4,1.074990526
O=P1(O)OC2=C(C3=CC(C(F)(F)F)=CC(C(F)(F)F)=C3)C=C4C(CCCC4)=C2C5=C(O1)C(C6=CC(C(F)(F)F)=CC(C(F)(F)F)=C6)=CC7=C5CCCC7,O=C(C1=CC=CC=C1)/N=C/C2=CC=CC3=C2C=CC=C3,SC1=CC=CC=C1,O=C(NC(Sc1ccccc1)c2cccc3ccccc23)c4ccccc4,1.301167112
O=P1(O)OC2=C(C3=CC(C(F)(F)F)=CC(C(F)(F)F)=C3)C=C4C(CCCC4)=C2C5=C(O1)C(C6=CC(C(F)(F)F)=CC(C(F)(F)F)=C6)=CC7=C5CCCC7,O=C(C1=CC=CC=C1)/N=C/C2=CC=CC3=C2C=CC=C3,SC1=CC=CC=C1C,O=C(NC(Sc1c(C)cccc1)c2cccc3ccccc23)c4ccccc4,1.027207628
O=P1(O)OC2=C(C3=CC(C(F)(F)F)=CC(C(F)(F)F)=C3)C=C4C(CCCC4)=C2C5=C(O1)C(C6=CC(C(F)(F)F)=CC(C(F)(F)F)=C6)=CC7=C5CCCC7,O=C(C1=CC=CC=C1)/N=C/C2=CC=CC3=C2C=CC=C3,SC1CCCCC1,O=C(NC(SC1CCCCC1)c2cccc3ccccc23)c4ccccc4,0.682601444
O=P1(O)OC2=C(C3=CC(C)=C(OC(C)C)C(C)=C3)C=C4C(C=CC=C4)=C2C5=C(O1)C(C6=CC(C)=C(OC(C)C)C(C)=C6)=CC7=C5C=CC=C7,O=C(C1=CC=CC=C1)/N=C/C2=CC=C(C(F)(F)F)C=C2,CCS,O=C(NC(SCC)c1ccc(C(F)(F)F)cc1)c2ccccc2,0.446373616
O=P1(O)OC2=C(C3=CC(C)=C(OC(C)C)C(C)=C3)C=C4C(C=CC=C4)=C2C5=C(O1)C(C6=CC(C)=C(OC(C)C)C(C)=C6)=CC7=C5C=CC=C7,O=C(C1=CC=CC=C1)/N=C/C2=CC=C(C(F)(F)F)C=C2,SC1=CC=C(OC)C=C1,O=C(NC(Sc1ccc(OC)cc1)c2ccc(C(F)(F)F)cc2)c3ccccc3,1.370103771
O=P1(O)OC2=C(C3=CC(C)=C(OC(C)C)C(C)=C3)C=C4C(C=CC=C4)=C2C5=C(O1)C(C6=CC(C)=C(OC(C)C)C(C)=C6)=CC7=C5C=CC=C7,O=C(C1=CC=CC=C1)/N=C/C2=CC=C(C(F)(F)F)C=C2,SC1=CC=CC=C1,O=C(NC(Sc1ccccc1)c2ccc(C(F)(F)F)cc2)c3ccccc3,1.370103771
O=P1(O)OC2=C(C3=CC(C)=C(OC(C)C)C(C)=C3)C=C4C(C=CC=C4)=C2C5=C(O1)C(C6=CC(C)=C(OC(C)C)C(C)=C6)=CC7=C5C=CC=C7,O=C(C1=CC=CC=C1)/N=C/C2=CC=C(C(F)(F)F)C=C2,SC1=CC=CC=C1C,O=C(NC(Sc1ccccc1C)c2ccc(C(F)(F)F)cc2)c3ccccc3,1.301167112
O=P1(O)OC2=C(C3=CC(C)=C(OC(C)C)C(C)=C3)C=C4C(C=CC=C4)=C2C5=C(O1)C(C6=CC(C)=C(OC(C)C)C(C)=C6)=CC7=C5C=CC=C7,O=C(C1=CC=CC=C1)/N=C/C2=CC=C(C(F)(F)F)C=C2,SC1CCCCC1,O=C(NC(SC1CCCCC1)c2ccc(C(F)(F)F)cc2)c3ccccc3,0.446373616
O=P1(O)OC2=C(C3=CC(C)=C(OC(C)C)C(C)=C3)C=C4C(C=CC=C4)=C2C5=C(O1)C(C6=CC(C)=C(OC(C)C)C(C)=C6)=CC7=C5C=CC=C7,O=C(C1=CC=CC=C1)/N=C/C2=CC=C(Cl)C=C2Cl,CCS,Clc1cc(Cl)c(C(SCC)NC(c2ccccc2)=O)cc1,0.315171704
O=P1(O)OC2=C(C3=CC(C)=C(OC(C)C)C(C)=C3)C=C4C(C=CC=C4)=C2C5=C(O1)C(C6=CC(C)=C(OC(C)C)C(C)=C6)=CC7=C5C=CC=C7,O=C(C1=CC=CC=C1)/N=C/C2=CC=C(Cl)C=C2Cl,SC1=CC=C(OC)C=C1,Clc1cc(Cl)c(C(Sc2ccc(OC)cc2)NC(c3ccccc3)=O)cc1,1.074990526
O=P1(O)OC2=C(C3=CC(C)=C(OC(C)C)C(C)=C3)C=C4C(C=CC=C4)=C2C5=C(O1)C(C6=CC(C)=C(OC(C)C)C(C)=C6)=CC7=C5C=CC=C7,O=C(C1=CC=CC=C1)/N=C/C2=CC=C(Cl)C=C2Cl,SC1=CC=CC=C1,Clc1cc(Cl)c(C(Sc2ccccc2)NC(c3ccccc3)=O)cc1,1.074990526
O=P1(O)OC2=C(C3=CC(C)=C(OC(C)C)C(C)=C3)C=C4C(C=CC=C4)=C2C5=C(O1)C(C6=CC(C)=C(OC(C)C)C(C)=C6)=CC7=C5C=CC=C7,O=C(C1=CC=CC=C1)/N=C/C2=CC=C(Cl)C=C2Cl,SC1=CC=CC=C1C,Clc1cc(Cl)c(C(Sc2ccccc2C)NC(c3ccccc3)=O)cc1,1.074990526
O=P1(O)OC2=C(C3=CC(C)=C(OC(C)C)C(C)=C3)C=C4C(C=CC=C4)=C2C5=C(O1)C(C6=CC(C)=C(OC(C)C)C(C)=C6)=CC7=C5C=CC=C7,O=C(C1=CC=CC=C1)/N=C/C2=CC=C(Cl)C=C2Cl,SC1CCCCC1,Clc1cc(Cl)c(C(SC2CCCCC2)NC(c3ccccc3)=O)cc1,0.5302345
O=P1(O)OC2=C(C3=CC(C)=C(OC(C)C)C(C)=C3)C=C4C(C=CC=C4)=C2C5=C(O1)C(C6=CC(C)=C(OC(C)C)C(C)=C6)=CC7=C5C=CC=C7,O=C(C1=CC=CC=C1)/N=C/C2=CC=C(OC)C=C2,CCS,COc1ccc(C(SCC)NC(c2ccccc2)=O)cc1,0.392793996
O=P1(O)OC2=C(C3=CC(C)=C(OC(C)C)C(C)=C3)C=C4C(C=CC=C4)=C2C5=C(O1)C(C6=CC(C)=C(OC(C)C)C(C)=C6)=CC7=C5C=CC=C7,O=C(C1=CC=CC=C1)/N=C/C2=CC=C(OC)C=C2,SC1=CC=C(OC)C=C1,COc1ccc(C(Sc2ccc(OC)cc2)NC(c3ccccc3)=O)cc1,1.301167112
O=P1(O)OC2=C(C3=CC(C)=C(OC(C)C)C(C)=C3)C=C4C(C=CC=C4)=C2C5=C(O1)C(C6=CC(C)=C(OC(C)C)C(C)=C6)=CC7=C5C=CC=C7,O=C(C1=CC=CC=C1)/N=C/C2=CC=C(OC)C=C2,SC1=CC=CC=C1,COc1ccc(C(Sc2ccccc2)NC(c3ccccc3)=O)cc1,1.370103771
O=P1(O)OC2=C(C3=CC(C)=C(OC(C)C)C(C)=C3)C=C4C(C=CC=C4)=C2C5=C(O1)C(C6=CC(C)=C(OC(C)C)C(C)=C6)=CC7=C5C=CC=C7,O=C(C1=CC=CC=C1)/N=C/C2=CC=C(OC)C=C2,SC1=CC=CC=C1C,COc1ccc(C(Sc2ccccc2C)NC(c3ccccc3)=O)cc1,1.125722444
O=P1(O)OC2=C(C3=CC(C)=C(OC(C)C)C(C)=C3)C=C4C(C=CC=C4)=C2C5=C(O1)C(C6=CC(C)=C(OC(C)C)C(C)=C6)=CC7=C5C=CC=C7,O=C(C1=CC=CC=C1)/N=C/C2=CC=C(OC)C=C2,SC1CCCCC1,COc1ccc(C(SC2CCCCC2)NC(c3ccccc3)=O)cc1,0.5302345
O=P1(O)OC2=C(C3=CC(C)=C(OC(C)C)C(C)=C3)C=C4C(C=CC=C4)=C2C5=C(O1)C(C6=CC(C)=C(OC(C)C)C(C)=C6)=CC7=C5C=CC=C7,O=C(C1=CC=CC=C1)/N=C/C2=CC=CC=C2,CCS,O=C(NC(SCC)c1ccccc1)c2ccccc2,0.682601444
O=P1(O)OC2=C(C3=CC(C)=C(OC(C)C)C(C)=C3)C=C4C(C=CC=C4)=C2C5=C(O1)C(C6=CC(C)=C(OC(C)C)C(C)=C6)=CC7=C5C=CC=C7,O=C(C1=CC=CC=C1)/N=C/C2=CC=CC=C2,SC1=CC=C(OC)C=C1,O=C(NC(Sc1ccc(OC)cc1)c2ccccc2)c3ccccc3,1.370103771
O=P1(O)OC2=C(C3=CC(C)=C(OC(C)C)C(C)=C3)C=C4C(C=CC=C4)=C2C5=C(O1)C(C6=CC(C)=C(OC(C)C)C(C)=C6)=CC7=C5C=CC=C7,O=C(C1=CC=CC=C1)/N=C/C2=CC=CC=C2,SC1=CC=CC=C1,O=C(NC(Sc1ccccc1)c2ccccc2)c3ccccc3,1.17989059
O=P1(O)OC2=C(C3=CC(C)=C(OC(C)C)C(C)=C3)C=C4C(C=CC=C4)=C2C5=C(O1)C(C6=CC(C)=C(OC(C)C)C(C)=C6)=CC7=C5C=CC=C7,O=C(C1=CC=CC=C1)/N=C/C2=CC=CC=C2,SC1=CC=CC=C1C,O=C(NC(Sc1ccccc1C)c2ccccc2)c3ccccc3,1.125722444
O=P1(O)OC2=C(C3=CC(C)=C(OC(C)C)C(C)=C3)C=C4C(C=CC=C4)=C2C5=C(O1)C(C6=CC(C)=C(OC(C)C)C(C)=C6)=CC7=C5C=CC=C7,O=C(C1=CC=CC=C1)/N=C/C2=CC=CC=C2,SC1CCCCC1,O=C(NC(SC1CCCCC1)c2ccccc2)c3ccccc3,0.682601444
O=P1(O)OC2=C(C3=CC(C)=C(OC(C)C)C(C)=C3)C=C4C(C=CC=C4)=C2C5=C(O1)C(C6=CC(C)=C(OC(C)C)C(C)=C6)=CC7=C5C=CC=C7,O=C(C1=CC=CC=C1)/N=C/C2=CC=CC3=C2C=CC=C3,CCS,O=C(NC(SCC)c1cccc2ccccc12)c3ccccc3,0.419377753
O=P1(O)OC2=C(C3=CC(C)=C(OC(C)C)C(C)=C3)C=C4C(C=CC=C4)=C2C5=C(O1)C(C6=CC(C)=C(OC(C)C)C(C)=C6)=CC7=C5C=CC=C7,O=C(C1=CC=CC=C1)/N=C/C2=CC=CC3=C2C=CC=C3,SC1=CC=C(OC)C=C1,O=C(NC(Sc1ccc(OC)cc1)c2cccc3ccccc23)c4ccccc4,1.17989059
O=P1(O)OC2=C(C3=CC(C)=C(OC(C)C)C(C)=C3)C=C4C(C=CC=C4)=C2C5=C(O1)C(C6=CC(C)=C(OC(C)C)C(C)=C6)=CC7=C5C=CC=C7,O=C(C1=CC=CC=C1)/N=C/C2=CC=CC3=C2C=CC=C3,SC1=CC=CC=C1,O=C(NC(Sc1ccccc1)c2cccc3ccccc23)c4ccccc4,1.301167112
O=P1(O)OC2=C(C3=CC(C)=C(OC(C)C)C(C)=C3)C=C4C(C=CC=C4)=C2C5=C(O1)C(C6=CC(C)=C(OC(C)C)C(C)=C6)=CC7=C5C=CC=C7,O=C(C1=CC=CC=C1)/N=C/C2=CC=CC3=C2C=CC=C3,SC1=CC=CC=C1C,O=C(NC(Sc1c(C)cccc1)c2cccc3ccccc23)c4ccccc4,1.125722444
O=P1(O)OC2=C(C3=CC(C)=C(OC(C)C)C(C)=C3)C=C4C(C=CC=C4)=C2C5=C(O1)C(C6=CC(C)=C(OC(C)C)C(C)=C6)=CC7=C5C=CC=C7,O=C(C1=CC=CC=C1)/N=C/C2=CC=CC3=C2C=CC=C3,SC1CCCCC1,O=C(NC(SC1CCCCC1)c2cccc3ccccc23)c4ccccc4,0.559297578
O=P1(O)OC2=C(C3=CC(C4=CC(C(F)(F)F)=CC(C(F)(F)F)=C4)=CC(C5=CC(C(F)(F)F)=CC(C(F)(F)F)=C5)=C3)C=C6C(C=CC=C6)=C2C7=C(O1)C(C8=CC(C9=CC(C(F)(F)F)=CC(C(F)(F)F)=C9)=CC(C%10=CC(C(F)(F)F)=CC(C(F)(F)F)=C%10)=C8)=CC%11=C7C=CC=C%11,O=C(C1=CC=CC=C1)/N=C/C2=CC=C(C(F)(F)F)C=C2,CCS,O=C(NC(SCC)c1ccc(C(F)(F)F)cc1)c2ccccc2,0.749510758
O=P1(O)OC2=C(C3=CC(C4=CC(C(F)(F)F)=CC(C(F)(F)F)=C4)=CC(C5=CC(C(F)(F)F)=CC(C(F)(F)F)=C5)=C3)C=C6C(C=CC=C6)=C2C7=C(O1)C(C8=CC(C9=CC(C(F)(F)F)=CC(C(F)(F)F)=C9)=CC(C%10=CC(C(F)(F)F)=CC(C(F)(F)F)=C%10)=C8)=CC%11=C7C=CC=C%11,O=C(C1=CC=CC=C1)/N=C/C2=CC=C(C(F)(F)F)C=C2,SC1=CC=C(OC)C=C1,O=C(NC(Sc1ccc(OC)cc1)c2ccc(C(F)(F)F)cc2)c3ccccc3,1.370103771
O=P1(O)OC2=C(C3=CC(C4=CC(C(F)(F)F)=CC(C(F)(F)F)=C4)=CC(C5=CC(C(F)(F)F)=CC(C(F)(F)F)=C5)=C3)C=C6C(C=CC=C6)=C2C7=C(O1)C(C8=CC(C9=CC(C(F)(F)F)=CC(C(F)(F)F)=C9)=CC(C%10=CC(C(F)(F)F)=CC(C(F)(F)F)=C%10)=C8)=CC%11=C7C=CC=C%11,O=C(C1=CC=CC=C1)/N=C/C2=CC=C(C(F)(F)F)C=C2,SC1=CC=CC=C1,O=C(NC(Sc1ccccc1)c2ccc(C(F)(F)F)cc2)c3ccccc3,1.446325365
O=P1(O)OC2=C(C3=CC(C4=CC(C(F)(F)F)=CC(C(F)(F)F)=C4)=CC(C5=CC(C(F)(F)F)=CC(C(F)(F)F)=C5)=C3)C=C6C(C=CC=C6)=C2C7=C(O1)C(C8=CC(C9=CC(C(F)(F)F)=CC(C(F)(F)F)=C9)=CC(C%10=CC(C(F)(F)F)=CC(C(F)(F)F)=C%10)=C8)=CC%11=C7C=CC=C%11,O=C(C1=CC=CC=C1)/N=C/C2=CC=C(C(F)(F)F)C=C2,SC1=CC=CC=C1C,O=C(NC(Sc1ccccc1C)c2ccc(C(F)(F)F)cc2)c3ccccc3,1.531802956
O=P1(O)OC2=C(C3=CC(C4=CC(C(F)(F)F)=CC(C(F)(F)F)=C4)=CC(C5=CC(C(F)(F)F)=CC(C(F)(F)F)=C5)=C3)C=C6C(C=CC=C6)=C2C7=C(O1)C(C8=CC(C9=CC(C(F)(F)F)=CC(C(F)(F)F)=C9)=CC(C%10=CC(C(F)(F)F)=CC(C(F)(F)F)=C%10)=C8)=CC%11=C7C=CC=C%11,O=C(C1=CC=CC=C1)/N=C/C2=CC=C(C(F)(F)F)C=C2,SC1CCCCC1,O=C(NC(SC1CCCCC1)c2ccc(C(F)(F)F)cc2)c3ccccc3,0.820945045
O=P1(O)OC2=C(C3=CC(C4=CC(C(F)(F)F)=CC(C(F)(F)F)=C4)=CC(C5=CC(C(F)(F)F)=CC(C(F)(F)F)=C5)=C3)C=C6C(C=CC=C6)=C2C7=C(O1)C(C8=CC(C9=CC(C(F)(F)F)=CC(C(F)(F)F)=C9)=CC(C%10=CC(C(F)(F)F)=CC(C(F)(F)F)=C%10)=C8)=CC%11=C7C=CC=C%11,O=C(C1=CC=CC=C1)/N=C/C2=CC=C(Cl)C=C2Cl,CCS,Clc1cc(Cl)c(C(SCC)NC(c2ccccc2)=O)cc1,0.619408639
O=P1(O)OC2=C(C3=CC(C4=CC(C(F)(F)F)=CC(C(F)(F)F)=C4)=CC(C5=CC(C(F)(F)F)=CC(C(F)(F)F)=C5)=C3)C=C6C(C=CC=C6)=C2C7=C(O1)C(C8=CC(C9=CC(C(F)(F)F)=CC(C(F)(F)F)=C9)=CC(C%10=CC(C(F)(F)F)=CC(C(F)(F)F)=C%10)=C8)=CC%11=C7C=CC=C%11,O=C(C1=CC=CC=C1)/N=C/C2=CC=C(Cl)C=C2Cl,SC1=CC=C(OC)C=C1,Clc1cc(Cl)c(C(Sc2ccc(OC)cc2)NC(c3ccccc3)=O)cc1,1.370103771
O=P1(O)OC2=C(C3=CC(C4=CC(C(F)(F)F)=CC(C(F)(F)F)=C4)=CC(C5=CC(C(F)(F)F)=CC(C(F)(F)F)=C5)=C3)C=C6C(C=CC=C6)=C2C7=C(O1)C(C8=CC(C9=CC(C(F)(F)F)=CC(C(F)(F)F)=C9)=CC(C%10=CC(C(F)(F)F)=CC(C(F)(F)F)=C%10)=C8)=CC%11=C7C=CC=C%11,O=C(C1=CC=CC=C1)/N=C/C2=CC=C(Cl)C=C2Cl,SC1=CC=CC=C1,Clc1cc(Cl)c(C(Sc2ccccc2)NC(c3ccccc3)=O)cc1,1.238109014
O=P1(O)OC2=C(C3=CC(C4=CC(C(F)(F)F)=CC(C(F)(F)F)=C4)=CC(C5=CC(C(F)(F)F)=CC(C(F)(F)F)=C5)=C3)C=C6C(C=CC=C6)=C2C7=C(O1)C(C8=CC(C9=CC(C(F)(F)F)=CC(C(F)(F)F)=C9)=CC(C%10=CC(C(F)(F)F)=CC(C(F)(F)F)=C%10)=C8)=CC%11=C7C=CC=C%11,O=C(C1=CC=CC=C1)/N=C/C2=CC=C(Cl)C=C2Cl,SC1=CC=CC=C1C,Clc1cc(Cl)c(C(Sc2ccccc2C)NC(c3ccccc3)=O)cc1,1.370103771
O=P1(O)OC2=C(C3=CC(C4=CC(C(F)(F)F)=CC(C(F)(F)F)=C4)=CC(C5=CC(C(F)(F)F)=CC(C(F)(F)F)=C5)=C3)C=C6C(C=CC=C6)=C2C7=C(O1)C(C8=CC(C9=CC(C(F)(F)F)=CC(C(F)(F)F)=C9)=CC(C%10=CC(C(F)(F)F)=CC(C(F)(F)F)=C%10)=C8)=CC%11=C7C=CC=C%11,O=C(C1=CC=CC=C1)/N=C/C2=CC=C(Cl)C=C2Cl,SC1CCCCC1,Clc1cc(Cl)c(C(SC2CCCCC2)NC(c3ccccc3)=O)cc1,0.715545793
O=P1(O)OC2=C(C3=CC(C4=CC(C(F)(F)F)=CC(C(F)(F)F)=C4)=CC(C5=CC(C(F)(F)F)=CC(C(F)(F)F)=C5)=C3)C=C6C(C=CC=C6)=C2C7=C(O1)C(C8=CC(C9=CC(C(F)(F)F)=CC(C(F)(F)F)=C9)=CC(C%10=CC(C(F)(F)F)=CC(C(F)(F)F)=C%10)=C8)=CC%11=C7C=CC=C%11,O=C(C1=CC=CC=C1)/N=C/C2=CC=C(OC)C=C2,CCS,COc1ccc(C(SCC)NC(c2ccccc2)=O)cc1,0.820945045
O=P1(O)OC2=C(C3=CC(C4=CC(C(F)(F)F)=CC(C(F)(F)F)=C4)=CC(C5=CC(C(F)(F)F)=CC(C(F)(F)F)=C5)=C3)C=C6C(C=CC=C6)=C2C7=C(O1)C(C8=CC(C9=CC(C(F)(F)F)=CC(C(F)(F)F)=C9)=CC(C%10=CC(C(F)(F)F)=CC(C(F)(F)F)=C%10)=C8)=CC%11=C7C=CC=C%11,O=C(C1=CC=CC=C1)/N=C/C2=CC=C(OC)C=C2,SC1=CC=C(OC)C=C1,COc1ccc(C(Sc2ccc(OC)cc2)NC(c3ccccc3)=O)cc1,1.446325365
O=P1(O)OC2=C(C3=CC(C4=CC(C(F)(F)F)=CC(C(F)(F)F)=C4)=CC(C5=CC(C(F)(F)F)=CC(C(F)(F)F)=C5)=C3)C=C6C(C=CC=C6)=C2C7=C(O1)C(C8=CC(C9=CC(C(F)(F)F)=CC(C(F)(F)F)=C9)=CC(C%10=CC(C(F)(F)F)=CC(C(F)(F)F)=C%10)=C8)=CC%11=C7C=CC=C%11,O=C(C1=CC=CC=C1)/N=C/C2=CC=C(OC)C=C2,SC1=CC=CC=C1,COc1ccc(C(Sc2ccccc2)NC(c3ccccc3)=O)cc1,1.531802956
O=P1(O)OC2=C(C3=CC(C4=CC(C(F)(F)F)=CC(C(F)(F)F)=C4)=CC(C5=CC(C(F)(F)F)=CC(C(F)(F)F)=C5)=C3)C=C6C(C=CC=C6)=C2C7=C(O1)C(C8=CC(C9=CC(C(F)(F)F)=CC(C(F)(F)F)=C9)=CC(C%10=CC(C(F)(F)F)=CC(C(F)(F)F)=C%10)=C8)=CC%11=C7C=CC=C%11,O=C(C1=CC=CC=C1)/N=C/C2=CC=C(OC)C=C2,SC1=CC=CC=C1C,COc1ccc(C(Sc2ccccc2C)NC(c3ccccc3)=O)cc1,1.301167112
O=P1(O)OC2=C(C3=CC(C4=CC(C(F)(F)F)=CC(C(F)(F)F)=C4)=CC(C5=CC(C(F)(F)F)=CC(C(F)(F)F)=C5)=C3)C=C6C(C=CC=C6)=C2C7=C(O1)C(C8=CC(C9=CC(C(F)(F)F)=CC(C(F)(F)F)=C9)=CC(C%10=CC(C(F)(F)F)=CC(C(F)(F)F)=C%10)=C8)=CC%11=C7C=CC=C%11,O=C(C1=CC=CC=C1)/N=C/C2=CC=C(OC)C=C2,SC1CCCCC1,COc1ccc(C(SC2CCCCC2)NC(c3ccccc3)=O)cc1,0.858676701
O=P1(O)OC2=C(C3=CC(C4=CC(C(F)(F)F)=CC(C(F)(F)F)=C4)=CC(C5=CC(C(F)(F)F)=CC(C(F)(F)F)=C5)=C3)C=C6C(C=CC=C6)=C2C7=C(O1)C(C8=CC(C9=CC(C(F)(F)F)=CC(C(F)(F)F)=C9)=CC(C%10=CC(C(F)(F)F)=CC(C(F)(F)F)=C%10)=C8)=CC%11=C7C=CC=C%11,O=C(C1=CC=CC=C1)/N=C/C2=CC=CC=C2,CCS,O=C(NC(SCC)c1ccccc1)c2ccccc2,0.501758501
O=P1(O)OC2=C(C3=CC(C4=CC(C(F)(F)F)=CC(C(F)(F)F)=C4)=CC(C5=CC(C(F)(F)F)=CC(C(F)(F)F)=C5)=C3)C=C6C(C=CC=C6)=C2C7=C(O1)C(C8=CC(C9=CC(C(F)(F)F)=CC(C(F)(F)F)=C9)=CC(C%10=CC(C(F)(F)F)=CC(C(F)(F)F)=C%10)=C8)=CC%11=C7C=CC=C%11,O=C(C1=CC=CC=C1)/N=C/C2=CC=CC=C2,SC1=CC=C(OC)C=C1,O=C(NC(Sc1ccc(OC)cc1)c2ccccc2)c3ccccc3,1.301167112
O=P1(O)OC2=C(C3=CC(C4=CC(C(F)(F)F)=CC(C(F)(F)F)=C4)=CC(C5=CC(C(F)(F)F)=CC(C(F)(F)F)=C5)=C3)C=C6C(C=CC=C6)=C2C7=C(O1)C(C8=CC(C9=CC(C(F)(F)F)=CC(C(F)(F)F)=C9)=CC(C%10=CC(C(F)(F)F)=CC(C(F)(F)F)=C%10)=C8)=CC%11=C7C=CC=C%11,O=C(C1=CC=CC=C1)/N=C/C2=CC=CC=C2,SC1=CC=CC=C1,O=C(NC(Sc1ccccc1)c2ccccc2)c3ccccc3,1.446325365
O=P1(O)OC2=C(C3=CC(C4=CC(C(F)(F)F)=CC(C(F)(F)F)=C4)=CC(C5=CC(C(F)(F)F)=CC(C(F)(F)F)=C5)=C3)C=C6C(C=CC=C6)=C2C7=C(O1)C(C8=CC(C9=CC(C(F)(F)F)=CC(C(F)(F)F)=C9)=CC(C%10=CC(C(F)(F)F)=CC(C(F)(F)F)=C%10)=C8)=CC%11=C7C=CC=C%11,O=C(C1=CC=CC=C1)/N=C/C2=CC=CC=C2,SC1=CC=CC=C1C,O=C(NC(Sc1ccccc1C)c2ccccc2)c3ccccc3,1.301167112
O=P1(O)OC2=C(C3=CC(C4=CC(C(F)(F)F)=CC(C(F)(F)F)=C4)=CC(C5=CC(C(F)(F)F)=CC(C(F)(F)F)=C5)=C3)C=C6C(C=CC=C6)=C2C7=C(O1)C(C8=CC(C9=CC(C(F)(F)F)=CC(C(F)(F)F)=C9)=CC(C%10=CC(C(F)(F)F)=CC(C(F)(F)F)=C%10)=C8)=CC%11=C7C=CC=C%11,O=C(C1=CC=CC=C1)/N=C/C2=CC=CC=C2,SC1CCCCC1,O=C(NC(SC1CCCCC1)c2ccccc2)c3ccccc3,0.5302345
O=P1(O)OC2=C(C3=CC(C4=CC(C(F)(F)F)=CC(C(F)(F)F)=C4)=CC(C5=CC(C(F)(F)F)=CC(C(F)(F)F)=C5)=C3)C=C6C(C=CC=C6)=C2C7=C(O1)C(C8=CC(C9=CC(C(F)(F)F)=CC(C(F)(F)F)=C9)=CC(C%10=CC(C(F)(F)F)=CC(C(F)(F)F)=C%10)=C8)=CC%11=C7C=CC=C%11,O=C(C1=CC=CC=C1)/N=C/C2=CC=CC3=C2C=CC=C3,CCS,O=C(NC(SCC)c1cccc2ccccc12)c3ccccc3,0.446373616
O=P1(O)OC2=C(C3=CC(C4=CC(C(F)(F)F)=CC(C(F)(F)F)=C4)=CC(C5=CC(C(F)(F)F)=CC(C(F)(F)F)=C5)=C3)C=C6C(C=CC=C6)=C2C7=C(O1)C(C8=CC(C9=CC(C(F)(F)F)=CC(C(F)(F)F)=C9)=CC(C%10=CC(C(F)(F)F)=CC(C(F)(F)F)=C%10)=C8)=CC%11=C7C=CC=C%11,O=C(C1=CC=CC=C1)/N=C/C2=CC=CC3=C2C=CC=C3,SC1=CC=C(OC)C=C1,O=C(NC(Sc1ccc(OC)cc1)c2cccc3ccccc23)c4ccccc4,1.370103771
O=P1(O)OC2=C(C3=CC(C4=CC(C(F)(F)F)=CC(C(F)(F)F)=C4)=CC(C5=CC(C(F)(F)F)=CC(C(F)(F)F)=C5)=C3)C=C6C(C=CC=C6)=C2C7=C(O1)C(C8=CC(C9=CC(C(F)(F)F)=CC(C(F)(F)F)=C9)=CC(C%10=CC(C(F)(F)F)=CC(C(F)(F)F)=C%10)=C8)=CC%11=C7C=CC=C%11,O=C(C1=CC=CC=C1)/N=C/C2=CC=CC3=C2C=CC=C3,SC1=CC=CC=C1,O=C(NC(Sc1ccccc1)c2cccc3ccccc23)c4ccccc4,1.446325365
O=P1(O)OC2=C(C3=CC(C4=CC(C(F)(F)F)=CC(C(F)(F)F)=C4)=CC(C5=CC(C(F)(F)F)=CC(C(F)(F)F)=C5)=C3)C=C6C(C=CC=C6)=C2C7=C(O1)C(C8=CC(C9=CC(C(F)(F)F)=CC(C(F)(F)F)=C9)=CC(C%10=CC(C(F)(F)F)=CC(C(F)(F)F)=C%10)=C8)=CC%11=C7C=CC=C%11,O=C(C1=CC=CC=C1)/N=C/C2=CC=CC3=C2C=CC=C3,SC1=CC=CC=C1C,O=C(NC(Sc1c(C)cccc1)c2cccc3ccccc23)c4ccccc4,1.446325365
O=P1(O)OC2=C(C3=CC(C4=CC(C(F)(F)F)=CC(C(F)(F)F)=C4)=CC(C5=CC(C(F)(F)F)=CC(C(F)(F)F)=C5)=C3)C=C6C(C=CC=C6)=C2C7=C(O1)C(C8=CC(C9=CC(C(F)(F)F)=CC(C(F)(F)F)=C9)=CC(C%10=CC(C(F)(F)F)=CC(C(F)(F)F)=C%10)=C8)=CC%11=C7C=CC=C%11,O=C(C1=CC=CC=C1)/N=C/C2=CC=CC3=C2C=CC=C3,SC1CCCCC1,O=C(NC(SC1CCCCC1)c2cccc3ccccc23)c4ccccc4,0.820945045
O=P1(O)OC2=C(C3=CC(C4=CC(C=CC=C5)=C5C=C4)=CC=C3)C=C6C(C=CC=C6)=C2C7=C(O1)C(C8=CC=CC(C9=CC=C(C=CC=C%10)C%10=C9)=C8)=CC%11=C7C=CC=C%11,O=C(C1=CC=CC=C1)/N=C/C2=CC=C(C(F)(F)F)C=C2,CCS,O=C(NC(SCC)c1ccc(C(F)(F)F)cc1)c2ccccc2,0.419377753
O=P1(O)OC2=C(C3=CC(C4=CC(C=CC=C5)=C5C=C4)=CC=C3)C=C6C(C=CC=C6)=C2C7=C(O1)C(C8=CC=CC(C9=CC=C(C=CC=C%10)C%10=C9)=C8)=CC%11=C7C=CC=C%11,O=C(C1=CC=CC=C1)/N=C/C2=CC=C(C(F)(F)F)C=C2,SC1=CC=C(OC)C=C1,O=C(NC(Sc1ccc(OC)cc1)c2ccc(C(F)(F)F)cc2)c3ccccc3,1.370103771
O=P1(O)OC2=C(C3=CC(C4=CC(C=CC=C5)=C5C=C4)=CC=C3)C=C6C(C=CC=C6)=C2C7=C(O1)C(C8=CC=CC(C9=CC=C(C=CC=C%10)C%10=C9)=C8)=CC%11=C7C=CC=C%11,O=C(C1=CC=CC=C1)/N=C/C2=CC=C(C(F)(F)F)C=C2,SC1=CC=CC=C1,O=C(NC(Sc1ccccc1)c2ccc(C(F)(F)F)cc2)c3ccccc3,1.370103771
O=P1(O)OC2=C(C3=CC(C4=CC(C=CC=C5)=C5C=C4)=CC=C3)C=C6C(C=CC=C6)=C2C7=C(O1)C(C8=CC=CC(C9=CC=C(C=CC=C%10)C%10=C9)=C8)=CC%11=C7C=CC=C%11,O=C(C1=CC=CC=C1)/N=C/C2=CC=C(C(F)(F)F)C=C2,SC1=CC=CC=C1C,O=C(NC(Sc1ccccc1C)c2ccc(C(F)(F)F)cc2)c3ccccc3,1.301167112
O=P1(O)OC2=C(C3=CC(C4=CC(C=CC=C5)=C5C=C4)=CC=C3)C=C6C(C=CC=C6)=C2C7=C(O1)C(C8=CC=CC(C9=CC=C(C=CC=C%10)C%10=C9)=C8)=CC%11=C7C=CC=C%11,O=C(C1=CC=CC=C1)/N=C/C2=CC=C(C(F)(F)F)C=C2,SC1CCCCC1,O=C(NC(SC1CCCCC1)c2ccc(C(F)(F)F)cc2)c3ccccc3,0.419377753
O=P1(O)OC2=C(C3=CC(C4=CC(C=CC=C5)=C5C=C4)=CC=C3)C=C6C(C=CC=C6)=C2C7=C(O1)C(C8=CC=CC(C9=CC=C(C=CC=C%10)C%10=C9)=C8)=CC%11=C7C=CC=C%11,O=C(C1=CC=CC=C1)/N=C/C2=CC=C(Cl)C=C2Cl,CCS,Clc1cc(Cl)c(C(SCC)NC(c2ccccc2)=O)cc1,0.366586769
O=P1(O)OC2=C(C3=CC(C4=CC(C=CC=C5)=C5C=C4)=CC=C3)C=C6C(C=CC=C6)=C2C7=C(O1)C(C8=CC=CC(C9=CC=C(C=CC=C%10)C%10=C9)=C8)=CC%11=C7C=CC=C%11,O=C(C1=CC=CC=C1)/N=C/C2=CC=C(Cl)C=C2Cl,SC1=CC=C(OC)C=C1,Clc1cc(Cl)c(C(Sc2ccc(OC)cc2)NC(c3ccccc3)=O)cc1,1.074990526
O=P1(O)OC2=C(C3=CC(C4=CC(C=CC=C5)=C5C=C4)=CC=C3)C=C6C(C=CC=C6)=C2C7=C(O1)C(C8=CC=CC(C9=CC=C(C=CC=C%10)C%10=C9)=C8)=CC%11=C7C=CC=C%11,O=C(C1=CC=CC=C1)/N=C/C2=CC=C(Cl)C=C2Cl,SC1=CC=CC=C1,Clc1cc(Cl)c(C(Sc2ccccc2)NC(c3ccccc3)=O)cc1,1.17989059
O=P1(O)OC2=C(C3=CC(C4=CC(C=CC=C5)=C5C=C4)=CC=C3)C=C6C(C=CC=C6)=C2C7=C(O1)C(C8=CC=CC(C9=CC=C(C=CC=C%10)C%10=C9)=C8)=CC%11=C7C=CC=C%11,O=C(C1=CC=CC=C1)/N=C/C2=CC=C(Cl)C=C2Cl,SC1=CC=CC=C1C,Clc1cc(Cl)c(C(Sc2ccccc2C)NC(c3ccccc3)=O)cc1,1.125722444
O=P1(O)OC2=C(C3=CC(C4=CC(C=CC=C5)=C5C=C4)=CC=C3)C=C6C(C=CC=C6)=C2C7=C(O1)C(C8=CC=CC(C9=CC=C(C=CC=C%10)C%10=C9)=C8)=CC%11=C7C=CC=C%11,O=C(C1=CC=CC=C1)/N=C/C2=CC=C(Cl)C=C2Cl,SC1CCCCC1,Clc1cc(Cl)c(C(SC2CCCCC2)NC(c3ccccc3)=O)cc1,0.589002233
O=P1(O)OC2=C(C3=CC(C4=CC(C=CC=C5)=C5C=C4)=CC=C3)C=C6C(C=CC=C6)=C2C7=C(O1)C(C8=CC=CC(C9=CC=C(C=CC=C%10)C%10=C9)=C8)=CC%11=C7C=CC=C%11,O=C(C1=CC=CC=C1)/N=C/C2=CC=C(OC)C=C2,CCS,COc1ccc(C(SCC)NC(c2ccccc2)=O)cc1,0.392793996
O=P1(O)OC2=C(C3=CC(C4=CC(C=CC=C5)=C5C=C4)=CC=C3)C=C6C(C=CC=C6)=C2C7=C(O1)C(C8=CC=CC(C9=CC=C(C=CC=C%10)C%10=C9)=C8)=CC%11=C7C=CC=C%11,O=C(C1=CC=CC=C1)/N=C/C2=CC=C(OC)C=C2,SC1=CC=C(OC)C=C1,COc1ccc(C(Sc2ccc(OC)cc2)NC(c3ccccc3)=O)cc1,1.125722444
O=P1(O)OC2=C(C3=CC(C4=CC(C=CC=C5)=C5C=C4)=CC=C3)C=C6C(C=CC=C6)=C2C7=C(O1)C(C8=CC=CC(C9=CC=C(C=CC=C%10)C%10=C9)=C8)=CC%11=C7C=CC=C%11,O=C(C1=CC=CC=C1)/N=C/C2=CC=C(OC)C=C2,SC1=CC=CC=C1,COc1ccc(C(Sc2ccccc2)NC(c3ccccc3)=O)cc1,1.301167112
O=P1(O)OC2=C(C3=CC(C4=CC(C=CC=C5)=C5C=C4)=CC=C3)C=C6C(C=CC=C6)=C2C7=C(O1)C(C8=CC=CC(C9=CC=C(C=CC=C%10)C%10=C9)=C8)=CC%11=C7C=CC=C%11,O=C(C1=CC=CC=C1)/N=C/C2=CC=C(OC)C=C2,SC1=CC=CC=C1C,COc1ccc(C(Sc2ccccc2C)NC(c3ccccc3)=O)cc1,1.238109014
O=P1(O)OC2=C(C3=CC(C4=CC(C=CC=C5)=C5C=C4)=CC=C3)C=C6C(C=CC=C6)=C2C7=C(O1)C(C8=CC=CC(C9=CC=C(C=CC=C%10)C%10=C9)=C8)=CC%11=C7C=CC=C%11,O=C(C1=CC=CC=C1)/N=C/C2=CC=C(OC)C=C2,SC1CCCCC1,COc1ccc(C(SC2CCCCC2)NC(c3ccccc3)=O)cc1,0.589002233
O=P1(O)OC2=C(C3=CC(C4=CC(C=CC=C5)=C5C=C4)=CC=C3)C=C6C(C=CC=C6)=C2C7=C(O1)C(C8=CC=CC(C9=CC=C(C=CC=C%10)C%10=C9)=C8)=CC%11=C7C=CC=C%11,O=C(C1=CC=CC=C1)/N=C/C2=CC=CC=C2,CCS,O=C(NC(SCC)c1ccccc1)c2ccccc2,0.559297578
O=P1(O)OC2=C(C3=CC(C4=CC(C=CC=C5)=C5C=C4)=CC=C3)C=C6C(C=CC=C6)=C2C7=C(O1)C(C8=CC=CC(C9=CC=C(C=CC=C%10)C%10=C9)=C8)=CC%11=C7C=CC=C%11,O=C(C1=CC=CC=C1)/N=C/C2=CC=CC=C2,SC1=CC=C(OC)C=C1,O=C(NC(Sc1ccc(OC)cc1)c2ccccc2)c3ccccc3,1.238109014
O=P1(O)OC2=C(C3=CC(C4=CC(C=CC=C5)=C5C=C4)=CC=C3)C=C6C(C=CC=C6)=C2C7=C(O1)C(C8=CC=CC(C9=CC=C(C=CC=C%10)C%10=C9)=C8)=CC%11=C7C=CC=C%11,O=C(C1=CC=CC=C1)/N=C/C2=CC=CC=C2,SC1=CC=CC=C1,O=C(NC(Sc1ccccc1)c2ccccc2)c3ccccc3,1.074990526
O=P1(O)OC2=C(C3=CC(C4=CC(C=CC=C5)=C5C=C4)=CC=C3)C=C6C(C=CC=C6)=C2C7=C(O1)C(C8=CC=CC(C9=CC=C(C=CC=C%10)C%10=C9)=C8)=CC%11=C7C=CC=C%11,O=C(C1=CC=CC=C1)/N=C/C2=CC=CC=C2,SC1=CC=CC=C1C,O=C(NC(Sc1ccccc1C)c2ccccc2)c3ccccc3,1.074990526
O=P1(O)OC2=C(C3=CC(C4=CC(C=CC=C5)=C5C=C4)=CC=C3)C=C6C(C=CC=C6)=C2C7=C(O1)C(C8=CC=CC(C9=CC=C(C=CC=C%10)C%10=C9)=C8)=CC%11=C7C=CC=C%11,O=C(C1=CC=CC=C1)/N=C/C2=CC=CC=C2,SC1CCCCC1,O=C(NC(SC1CCCCC1)c2ccccc2)c3ccccc3,0.589002233
O=P1(O)OC2=C(C3=CC(C4=CC(C=CC=C5)=C5C=C4)=CC=C3)C=C6C(C=CC=C6)=C2C7=C(O1)C(C8=CC=CC(C9=CC=C(C=CC=C%10)C%10=C9)=C8)=CC%11=C7C=CC=C%11,O=C(C1=CC=CC=C1)/N=C/C2=CC=CC3=C2C=CC=C3,CCS,O=C(NC(SCC)c1cccc2ccccc12)c3ccccc3,0.446373616
O=P1(O)OC2=C(C3=CC(C4=CC(C=CC=C5)=C5C=C4)=CC=C3)C=C6C(C=CC=C6)=C2C7=C(O1)C(C8=CC=CC(C9=CC=C(C=CC=C%10)C%10=C9)=C8)=CC%11=C7C=CC=C%11,O=C(C1=CC=CC=C1)/N=C/C2=CC=CC3=C2C=CC=C3,SC1=CC=C(OC)C=C1,O=C(NC(Sc1ccc(OC)cc1)c2cccc3ccccc23)c4ccccc4,1.17989059
O=P1(O)OC2=C(C3=CC(C4=CC(C=CC=C5)=C5C=C4)=CC=C3)C=C6C(C=CC=C6)=C2C7=C(O1)C(C8=CC=CC(C9=CC=C(C=CC=C%10)C%10=C9)=C8)=CC%11=C7C=CC=C%11,O=C(C1=CC=CC=C1)/N=C/C2=CC=CC3=C2C=CC=C3,SC1=CC=CC=C1,O=C(NC(Sc1ccccc1)c2cccc3ccccc23)c4ccccc4,1.301167112
O=P1(O)OC2=C(C3=CC(C4=CC(C=CC=C5)=C5C=C4)=CC=C3)C=C6C(C=CC=C6)=C2C7=C(O1)C(C8=CC=CC(C9=CC=C(C=CC=C%10)C%10=C9)=C8)=CC%11=C7C=CC=C%11,O=C(C1=CC=CC=C1)/N=C/C2=CC=CC3=C2C=CC=C3,SC1=CC=CC=C1C,O=C(NC(Sc1c(C)cccc1)c2cccc3ccccc23)c4ccccc4,1.238109014
O=P1(O)OC2=C(C3=CC(C4=CC(C=CC=C5)=C5C=C4)=CC=C3)C=C6C(C=CC=C6)=C2C7=C(O1)C(C8=CC=CC(C9=CC=C(C=CC=C%10)C%10=C9)=C8)=CC%11=C7C=CC=C%11,O=C(C1=CC=CC=C1)/N=C/C2=CC=CC3=C2C=CC=C3,SC1CCCCC1,O=C(NC(SC1CCCCC1)c2cccc3ccccc23)c4ccccc4,0.589002233
O=P1(O)OC2=C(C3=CC(COC)=CC=C3)C=C4C(C=CC=C4)=C2C5=C(O1)C(C6=CC=CC(COC)=C6)=CC7=C5C=CC=C7,O=C(C1=CC=CC=C1)/N=C/C2=CC=C(C(F)(F)F)C=C2,CCS,O=C(NC(SCC)c1ccc(C(F)(F)F)cc1)c2ccccc2,0.559297578
O=P1(O)OC2=C(C3=CC(COC)=CC=C3)C=C4C(C=CC=C4)=C2C5=C(O1)C(C6=CC=CC(COC)=C6)=CC7=C5C=CC=C7,O=C(C1=CC=CC=C1)/N=C/C2=CC=C(C(F)(F)F)C=C2,SC1=CC=C(OC)C=C1,O=C(NC(Sc1ccc(OC)cc1)c2ccc(C(F)(F)F)cc2)c3ccccc3,1.301167112
O=P1(O)OC2=C(C3=CC(COC)=CC=C3)C=C4C(C=CC=C4)=C2C5=C(O1)C(C6=CC=CC(COC)=C6)=CC7=C5C=CC=C7,O=C(C1=CC=CC=C1)/N=C/C2=CC=C(C(F)(F)F)C=C2,SC1=CC=CC=C1,O=C(NC(Sc1ccccc1)c2ccc(C(F)(F)F)cc2)c3ccccc3,1.17989059
O=P1(O)OC2=C(C3=CC(COC)=CC=C3)C=C4C(C=CC=C4)=C2C5=C(O1)C(C6=CC=CC(COC)=C6)=CC7=C5C=CC=C7,O=C(C1=CC=CC=C1)/N=C/C2=CC=C(C(F)(F)F)C=C2,SC1=CC=CC=C1C,O=C(NC(Sc1ccccc1C)c2ccc(C(F)(F)F)cc2)c3ccccc3,1.370103771
O=P1(O)OC2=C(C3=CC(COC)=CC=C3)C=C4C(C=CC=C4)=C2C5=C(O1)C(C6=CC=CC(COC)=C6)=CC7=C5C=CC=C7,O=C(C1=CC=CC=C1)/N=C/C2=CC=C(C(F)(F)F)C=C2,SC1CCCCC1,O=C(NC(SC1CCCCC1)c2ccc(C(F)(F)F)cc2)c3ccccc3,0.682601444
O=P1(O)OC2=C(C3=CC(COC)=CC=C3)C=C4C(C=CC=C4)=C2C5=C(O1)C(C6=CC=CC(COC)=C6)=CC7=C5C=CC=C7,O=C(C1=CC=CC=C1)/N=C/C2=CC=C(Cl)C=C2Cl,CCS,Clc1cc(Cl)c(C(SCC)NC(c2ccccc2)=O)cc1,0.473819986
O=P1(O)OC2=C(C3=CC(COC)=CC=C3)C=C4C(C=CC=C4)=C2C5=C(O1)C(C6=CC=CC(COC)=C6)=CC7=C5C=CC=C7,O=C(C1=CC=CC=C1)/N=C/C2=CC=C(Cl)C=C2Cl,SC1=CC=C(OC)C=C1,Clc1cc(Cl)c(C(Sc2ccc(OC)cc2)NC(c3ccccc3)=O)cc1,1.238109014
O=P1(O)OC2=C(C3=CC(COC)=CC=C3)C=C4C(C=CC=C4)=C2C5=C(O1)C(C6=CC=CC(COC)=C6)=CC7=C5C=CC=C7,O=C(C1=CC=CC=C1)/N=C/C2=CC=C(Cl)C=C2Cl,SC1=CC=CC=C1,Clc1cc(Cl)c(C(Sc2ccccc2)NC(c3ccccc3)=O)cc1,1.17989059
O=P1(O)OC2=C(C3=CC(COC)=CC=C3)C=C4C(C=CC=C4)=C2C5=C(O1)C(C6=CC=CC(COC)=C6)=CC7=C5C=CC=C7,O=C(C1=CC=CC=C1)/N=C/C2=CC=C(Cl)C=C2Cl,SC1=CC=CC=C1C,Clc1cc(Cl)c(C(Sc2ccccc2C)NC(c3ccccc3)=O)cc1,1.370103771
O=P1(O)OC2=C(C3=CC(COC)=CC=C3)C=C4C(C=CC=C4)=C2C5=C(O1)C(C6=CC=CC(COC)=C6)=CC7=C5C=CC=C7,O=C(C1=CC=CC=C1)/N=C/C2=CC=C(Cl)C=C2Cl,SC1CCCCC1,Clc1cc(Cl)c(C(SC2CCCCC2)NC(c3ccccc3)=O)cc1,0.589002233
O=P1(O)OC2=C(C3=CC(COC)=CC=C3)C=C4C(C=CC=C4)=C2C5=C(O1)C(C6=CC=CC(COC)=C6)=CC7=C5C=CC=C7,O=C(C1=CC=CC=C1)/N=C/C2=CC=C(OC)C=C2,CCS,COc1ccc(C(SCC)NC(c2ccccc2)=O)cc1,0.784603173
O=P1(O)OC2=C(C3=CC(COC)=CC=C3)C=C4C(C=CC=C4)=C2C5=C(O1)C(C6=CC=CC(COC)=C6)=CC7=C5C=CC=C7,O=C(C1=CC=CC=C1)/N=C/C2=CC=C(OC)C=C2,SC1=CC=C(OC)C=C1,COc1ccc(C(Sc2ccc(OC)cc2)NC(c3ccccc3)=O)cc1,1.446325365
O=P1(O)OC2=C(C3=CC(COC)=CC=C3)C=C4C(C=CC=C4)=C2C5=C(O1)C(C6=CC=CC(COC)=C6)=CC7=C5C=CC=C7,O=C(C1=CC=CC=C1)/N=C/C2=CC=C(OC)C=C2,SC1=CC=CC=C1,COc1ccc(C(Sc2ccccc2)NC(c3ccccc3)=O)cc1,1.446325365
O=P1(O)OC2=C(C3=CC(COC)=CC=C3)C=C4C(C=CC=C4)=C2C5=C(O1)C(C6=CC=CC(COC)=C6)=CC7=C5C=CC=C7,O=C(C1=CC=CC=C1)/N=C/C2=CC=C(OC)C=C2,SC1=CC=CC=C1C,COc1ccc(C(Sc2ccccc2C)NC(c3ccccc3)=O)cc1,1.446325365
O=P1(O)OC2=C(C3=CC(COC)=CC=C3)C=C4C(C=CC=C4)=C2C5=C(O1)C(C6=CC=CC(COC)=C6)=CC7=C5C=CC=C7,O=C(C1=CC=CC=C1)/N=C/C2=CC=C(OC)C=C2,SC1CCCCC1,COc1ccc(C(SC2CCCCC2)NC(c3ccccc3)=O)cc1,0.715545793
O=P1(O)OC2=C(C3=CC(COC)=CC=C3)C=C4C(C=CC=C4)=C2C5=C(O1)C(C6=CC=CC(COC)=C6)=CC7=C5C=CC=C7,O=C(C1=CC=CC=C1)/N=C/C2=CC=CC=C2,CCS,O=C(NC(SCC)c1ccccc1)c2ccccc2,0.446373616
O=P1(O)OC2=C(C3=CC(COC)=CC=C3)C=C4C(C=CC=C4)=C2C5=C(O1)C(C6=CC=CC(COC)=C6)=CC7=C5C=CC=C7,O=C(C1=CC=CC=C1)/N=C/C2=CC=CC=C2,SC1=CC=C(OC)C=C1,O=C(NC(Sc1ccc(OC)cc1)c2ccccc2)c3ccccc3,1.370103771
O=P1(O)OC2=C(C3=CC(COC)=CC=C3)C=C4C(C=CC=C4)=C2C5=C(O1)C(C6=CC=CC(COC)=C6)=CC7=C5C=CC=C7,O=C(C1=CC=CC=C1)/N=C/C2=CC=CC=C2,SC1=CC=CC=C1,O=C(NC(Sc1ccccc1)c2ccccc2)c3ccccc3,1.238109014
O=P1(O)OC2=C(C3=CC(COC)=CC=C3)C=C4C(C=CC=C4)=C2C5=C(O1)C(C6=CC=CC(COC)=C6)=CC7=C5C=CC=C7,O=C(C1=CC=CC=C1)/N=C/C2=CC=CC=C2,SC1=CC=CC=C1C,O=C(NC(Sc1ccccc1C)c2ccccc2)c3ccccc3,1.446325365
O=P1(O)OC2=C(C3=CC(COC)=CC=C3)C=C4C(C=CC=C4)=C2C5=C(O1)C(C6=CC=CC(COC)=C6)=CC7=C5C=CC=C7,O=C(C1=CC=CC=C1)/N=C/C2=CC=CC=C2,SC1CCCCC1,O=C(NC(SC1CCCCC1)c2ccccc2)c3ccccc3,0.559297578
O=P1(O)OC2=C(C3=CC(COC)=CC=C3)C=C4C(C=CC=C4)=C2C5=C(O1)C(C6=CC=CC(COC)=C6)=CC7=C5C=CC=C7,O=C(C1=CC=CC=C1)/N=C/C2=CC=CC3=C2C=CC=C3,CCS,O=C(NC(SCC)c1cccc2ccccc12)c3ccccc3,0.501758501
O=P1(O)OC2=C(C3=CC(COC)=CC=C3)C=C4C(C=CC=C4)=C2C5=C(O1)C(C6=CC=CC(COC)=C6)=CC7=C5C=CC=C7,O=C(C1=CC=CC=C1)/N=C/C2=CC=CC3=C2C=CC=C3,SC1=CC=C(OC)C=C1,O=C(NC(Sc1ccc(OC)cc1)c2cccc3ccccc23)c4ccccc4,1.531802956
O=P1(O)OC2=C(C3=CC(COC)=CC=C3)C=C4C(C=CC=C4)=C2C5=C(O1)C(C6=CC=CC(COC)=C6)=CC7=C5C=CC=C7,O=C(C1=CC=CC=C1)/N=C/C2=CC=CC3=C2C=CC=C3,SC1=CC=CC=C1,O=C(NC(Sc1ccccc1)c2cccc3ccccc23)c4ccccc4,1.238109014
O=P1(O)OC2=C(C3=CC(COC)=CC=C3)C=C4C(C=CC=C4)=C2C5=C(O1)C(C6=CC=CC(COC)=C6)=CC7=C5C=CC=C7,O=C(C1=CC=CC=C1)/N=C/C2=CC=CC3=C2C=CC=C3,SC1=CC=CC=C1C,O=C(NC(Sc1c(C)cccc1)c2cccc3ccccc23)c4ccccc4,1.370103771
O=P1(O)OC2=C(C3=CC(COC)=CC=C3)C=C4C(C=CC=C4)=C2C5=C(O1)C(C6=CC=CC(COC)=C6)=CC7=C5C=CC=C7,O=C(C1=CC=CC=C1)/N=C/C2=CC=CC3=C2C=CC=C3,SC1CCCCC1,O=C(NC(SC1CCCCC1)c2cccc3ccccc23)c4ccccc4,0.589002233
O=P1(O)OC2=C(C3=CC(COC)=CC=C3)C=C4C(CCCC4)=C2C5=C(O1)C(C6=CC=CC(COC)=C6)=CC7=C5CCCC7,O=C(C1=CC=CC=C1)/N=C/C2=CC=C(C(F)(F)F)C=C2,CCS,O=C(NC(SCC)c1ccc(C(F)(F)F)cc1)c2ccccc2,0.5302345
O=P1(O)OC2=C(C3=CC(COC)=CC=C3)C=C4C(CCCC4)=C2C5=C(O1)C(C6=CC=CC(COC)=C6)=CC7=C5CCCC7,O=C(C1=CC=CC=C1)/N=C/C2=CC=C(C(F)(F)F)C=C2,SC1=CC=C(OC)C=C1,O=C(NC(Sc1ccc(OC)cc1)c2ccc(C(F)(F)F)cc2)c3ccccc3,1.027207628
O=P1(O)OC2=C(C3=CC(COC)=CC=C3)C=C4C(CCCC4)=C2C5=C(O1)C(C6=CC=CC(COC)=C6)=CC7=C5CCCC7,O=C(C1=CC=CC=C1)/N=C/C2=CC=C(C(F)(F)F)C=C2,SC1=CC=CC=C1,O=C(NC(Sc1ccccc1)c2ccc(C(F)(F)F)cc2)c3ccccc3,1.238109014
O=P1(O)OC2=C(C3=CC(COC)=CC=C3)C=C4C(CCCC4)=C2C5=C(O1)C(C6=CC=CC(COC)=C6)=CC7=C5CCCC7,O=C(C1=CC=CC=C1)/N=C/C2=CC=C(C(F)(F)F)C=C2,SC1=CC=CC=C1C,O=C(NC(Sc1ccccc1C)c2ccc(C(F)(F)F)cc2)c3ccccc3,1.125722444
O=P1(O)OC2=C(C3=CC(COC)=CC=C3)C=C4C(CCCC4)=C2C5=C(O1)C(C6=CC=CC(COC)=C6)=CC7=C5CCCC7,O=C(C1=CC=CC=C1)/N=C/C2=CC=C(C(F)(F)F)C=C2,SC1CCCCC1,O=C(NC(SC1CCCCC1)c2ccc(C(F)(F)F)cc2)c3ccccc3,0.589002233
O=P1(O)OC2=C(C3=CC(COC)=CC=C3)C=C4C(CCCC4)=C2C5=C(O1)C(C6=CC=CC(COC)=C6)=CC7=C5CCCC7,O=C(C1=CC=CC=C1)/N=C/C2=CC=C(Cl)C=C2Cl,CCS,Clc1cc(Cl)c(C(SCC)NC(c2ccccc2)=O)cc1,0.473819986
O=P1(O)OC2=C(C3=CC(COC)=CC=C3)C=C4C(CCCC4)=C2C5=C(O1)C(C6=CC=CC(COC)=C6)=CC7=C5CCCC7,O=C(C1=CC=CC=C1)/N=C/C2=CC=C(Cl)C=C2Cl,SC1=CC=C(OC)C=C1,Clc1cc(Cl)c(C(Sc2ccc(OC)cc2)NC(c3ccccc3)=O)cc1,1.17989059
O=P1(O)OC2=C(C3=CC(COC)=CC=C3)C=C4C(CCCC4)=C2C5=C(O1)C(C6=CC=CC(COC)=C6)=CC7=C5CCCC7,O=C(C1=CC=CC=C1)/N=C/C2=CC=C(Cl)C=C2Cl,SC1=CC=CC=C1,Clc1cc(Cl)c(C(Sc2ccccc2)NC(c3ccccc3)=O)cc1,1.17989059
O=P1(O)OC2=C(C3=CC(COC)=CC=C3)C=C4C(CCCC4)=C2C5=C(O1)C(C6=CC=CC(COC)=C6)=CC7=C5CCCC7,O=C(C1=CC=CC=C1)/N=C/C2=CC=C(Cl)C=C2Cl,SC1=CC=CC=C1C,Clc1cc(Cl)c(C(Sc2ccccc2C)NC(c3ccccc3)=O)cc1,1.238109014
O=P1(O)OC2=C(C3=CC(COC)=CC=C3)C=C4C(CCCC4)=C2C5=C(O1)C(C6=CC=CC(COC)=C6)=CC7=C5CCCC7,O=C(C1=CC=CC=C1)/N=C/C2=CC=C(Cl)C=C2Cl,SC1CCCCC1,Clc1cc(Cl)c(C(SC2CCCCC2)NC(c3ccccc3)=O)cc1,0.559297578
O=P1(O)OC2=C(C3=CC(COC)=CC=C3)C=C4C(CCCC4)=C2C5=C(O1)C(C6=CC=CC(COC)=C6)=CC7=C5CCCC7,O=C(C1=CC=CC=C1)/N=C/C2=CC=C(OC)C=C2,CCS,COc1ccc(C(SCC)NC(c2ccccc2)=O)cc1,0.619408639
O=P1(O)OC2=C(C3=CC(COC)=CC=C3)C=C4C(CCCC4)=C2C5=C(O1)C(C6=CC=CC(COC)=C6)=CC7=C5CCCC7,O=C(C1=CC=CC=C1)/N=C/C2=CC=C(OC)C=C2,SC1=CC=C(OC)C=C1,COc1ccc(C(Sc2ccc(OC)cc2)NC(c3ccccc3)=O)cc1,1.125722444
O=P1(O)OC2=C(C3=CC(COC)=CC=C3)C=C4C(CCCC4)=C2C5=C(O1)C(C6=CC=CC(COC)=C6)=CC7=C5CCCC7,O=C(C1=CC=CC=C1)/N=C/C2=CC=C(OC)C=C2,SC1=CC=CC=C1,COc1ccc(C(Sc2ccccc2)NC(c3ccccc3)=O)cc1,1.370103771
O=P1(O)OC2=C(C3=CC(COC)=CC=C3)C=C4C(CCCC4)=C2C5=C(O1)C(C6=CC=CC(COC)=C6)=CC7=C5CCCC7,O=C(C1=CC=CC=C1)/N=C/C2=CC=C(OC)C=C2,SC1=CC=CC=C1C,COc1ccc(C(Sc2ccccc2C)NC(c3ccccc3)=O)cc1,1.301167112
O=P1(O)OC2=C(C3=CC(COC)=CC=C3)C=C4C(CCCC4)=C2C5=C(O1)C(C6=CC=CC(COC)=C6)=CC7=C5CCCC7,O=C(C1=CC=CC=C1)/N=C/C2=CC=C(OC)C=C2,SC1CCCCC1,COc1ccc(C(SC2CCCCC2)NC(c3ccccc3)=O)cc1,0.715545793
O=P1(O)OC2=C(C3=CC(COC)=CC=C3)C=C4C(CCCC4)=C2C5=C(O1)C(C6=CC=CC(COC)=C6)=CC7=C5CCCC7,O=C(C1=CC=CC=C1)/N=C/C2=CC=CC=C2,CCS,O=C(NC(SCC)c1ccccc1)c2ccccc2,0.446373616
O=P1(O)OC2=C(C3=CC(COC)=CC=C3)C=C4C(CCCC4)=C2C5=C(O1)C(C6=CC=CC(COC)=C6)=CC7=C5CCCC7,O=C(C1=CC=CC=C1)/N=C/C2=CC=CC=C2,SC1=CC=C(OC)C=C1,O=C(NC(Sc1ccc(OC)cc1)c2ccccc2)c3ccccc3,1.238109014
O=P1(O)OC2=C(C3=CC(COC)=CC=C3)C=C4C(CCCC4)=C2C5=C(O1)C(C6=CC=CC(COC)=C6)=CC7=C5CCCC7,O=C(C1=CC=CC=C1)/N=C/C2=CC=CC=C2,SC1=CC=CC=C1,O=C(NC(Sc1ccccc1)c2ccccc2)c3ccccc3,1.17989059
O=P1(O)OC2=C(C3=CC(COC)=CC=C3)C=C4C(CCCC4)=C2C5=C(O1)C(C6=CC=CC(COC)=C6)=CC7=C5CCCC7,O=C(C1=CC=CC=C1)/N=C/C2=CC=CC=C2,SC1=CC=CC=C1C,O=C(NC(Sc1ccccc1C)c2ccccc2)c3ccccc3,1.301167112
O=P1(O)OC2=C(C3=CC(COC)=CC=C3)C=C4C(CCCC4)=C2C5=C(O1)C(C6=CC=CC(COC)=C6)=CC7=C5CCCC7,O=C(C1=CC=CC=C1)/N=C/C2=CC=CC=C2,SC1CCCCC1,O=C(NC(SC1CCCCC1)c2ccccc2)c3ccccc3,0.5302345
O=P1(O)OC2=C(C3=CC(COC)=CC=C3)C=C4C(CCCC4)=C2C5=C(O1)C(C6=CC=CC(COC)=C6)=CC7=C5CCCC7,O=C(C1=CC=CC=C1)/N=C/C2=CC=CC3=C2C=CC=C3,CCS,O=C(NC(SCC)c1cccc2ccccc12)c3ccccc3,0.473819986
O=P1(O)OC2=C(C3=CC(COC)=CC=C3)C=C4C(CCCC4)=C2C5=C(O1)C(C6=CC=CC(COC)=C6)=CC7=C5CCCC7,O=C(C1=CC=CC=C1)/N=C/C2=CC=CC3=C2C=CC=C3,SC1=CC=C(OC)C=C1,O=C(NC(Sc1ccc(OC)cc1)c2cccc3ccccc23)c4ccccc4,1.301167112
O=P1(O)OC2=C(C3=CC(COC)=CC=C3)C=C4C(CCCC4)=C2C5=C(O1)C(C6=CC=CC(COC)=C6)=CC7=C5CCCC7,O=C(C1=CC=CC=C1)/N=C/C2=CC=CC3=C2C=CC=C3,SC1=CC=CC=C1,O=C(NC(Sc1ccccc1)c2cccc3ccccc23)c4ccccc4,1.17989059
O=P1(O)OC2=C(C3=CC(COC)=CC=C3)C=C4C(CCCC4)=C2C5=C(O1)C(C6=CC=CC(COC)=C6)=CC7=C5CCCC7,O=C(C1=CC=CC=C1)/N=C/C2=CC=CC3=C2C=CC=C3,SC1=CC=CC=C1C,O=C(NC(Sc1c(C)cccc1)c2cccc3ccccc23)c4ccccc4,1.17989059
O=P1(O)OC2=C(C3=CC(COC)=CC=C3)C=C4C(CCCC4)=C2C5=C(O1)C(C6=CC=CC(COC)=C6)=CC7=C5CCCC7,O=C(C1=CC=CC=C1)/N=C/C2=CC=CC3=C2C=CC=C3,SC1CCCCC1,O=C(NC(SC1CCCCC1)c2cccc3ccccc23)c4ccccc4,0.501758501
O=P1(O)OC2=C(C3=CC=C(C(C)(C)C)C=C3)C=C4C(C=CC=C4)=C2C5=C(O1)C(C6=CC=C(C(C)(C)C)C=C6)=CC7=C5C=CC=C7,O=C(C1=CC=CC=C1)/N=C/C2=CC=C(C(F)(F)F)C=C2,CCS,O=C(NC(SCC)c1ccc(C(F)(F)F)cc1)c2ccccc2,0.5302345
O=P1(O)OC2=C(C3=CC=C(C(C)(C)C)C=C3)C=C4C(C=CC=C4)=C2C5=C(O1)C(C6=CC=C(C(C)(C)C)C=C6)=CC7=C5C=CC=C7,O=C(C1=CC=CC=C1)/N=C/C2=CC=C(C(F)(F)F)C=C2,SC1=CC=C(OC)C=C1,O=C(NC(Sc1ccc(OC)cc1)c2ccc(C(F)(F)F)cc2)c3ccccc3,1.370103771
O=P1(O)OC2=C(C3=CC=C(C(C)(C)C)C=C3)C=C4C(C=CC=C4)=C2C5=C(O1)C(C6=CC=C(C(C)(C)C)C=C6)=CC7=C5C=CC=C7,O=C(C1=CC=CC=C1)/N=C/C2=CC=C(C(F)(F)F)C=C2,SC1=CC=CC=C1,O=C(NC(Sc1ccccc1)c2ccc(C(F)(F)F)cc2)c3ccccc3,1.301167112
O=P1(O)OC2=C(C3=CC=C(C(C)(C)C)C=C3)C=C4C(C=CC=C4)=C2C5=C(O1)C(C6=CC=C(C(C)(C)C)C=C6)=CC7=C5C=CC=C7,O=C(C1=CC=CC=C1)/N=C/C2=CC=C(C(F)(F)F)C=C2,SC1=CC=CC=C1C,O=C(NC(Sc1ccccc1C)c2ccc(C(F)(F)F)cc2)c3ccccc3,1.531802956
O=P1(O)OC2=C(C3=CC=C(C(C)(C)C)C=C3)C=C4C(C=CC=C4)=C2C5=C(O1)C(C6=CC=C(C(C)(C)C)C=C6)=CC7=C5C=CC=C7,O=C(C1=CC=CC=C1)/N=C/C2=CC=C(C(F)(F)F)C=C2,SC1CCCCC1,O=C(NC(SC1CCCCC1)c2ccc(C(F)(F)F)cc2)c3ccccc3,0.5302345
O=P1(O)OC2=C(C3=CC=C(C(C)(C)C)C=C3)C=C4C(C=CC=C4)=C2C5=C(O1)C(C6=CC=C(C(C)(C)C)C=C6)=CC7=C5C=CC=C7,O=C(C1=CC=CC=C1)/N=C/C2=CC=C(Cl)C=C2Cl,CCS,Clc1cc(Cl)c(C(SCC)NC(c2ccccc2)=O)cc1,0.715545793
O=P1(O)OC2=C(C3=CC=C(C(C)(C)C)C=C3)C=C4C(C=CC=C4)=C2C5=C(O1)C(C6=CC=C(C(C)(C)C)C=C6)=CC7=C5C=CC=C7,O=C(C1=CC=CC=C1)/N=C/C2=CC=C(Cl)C=C2Cl,SC1=CC=C(OC)C=C1,Clc1cc(Cl)c(C(Sc2ccc(OC)cc2)NC(c3ccccc3)=O)cc1,1.238109014
O=P1(O)OC2=C(C3=CC=C(C(C)(C)C)C=C3)C=C4C(C=CC=C4)=C2C5=C(O1)C(C6=CC=C(C(C)(C)C)C=C6)=CC7=C5C=CC=C7,O=C(C1=CC=CC=C1)/N=C/C2=CC=C(Cl)C=C2Cl,SC1=CC=CC=C1,Clc1cc(Cl)c(C(Sc2ccccc2)NC(c3ccccc3)=O)cc1,1.370103771
O=P1(O)OC2=C(C3=CC=C(C(C)(C)C)C=C3)C=C4C(C=CC=C4)=C2C5=C(O1)C(C6=CC=C(C(C)(C)C)C=C6)=CC7=C5C=CC=C7,O=C(C1=CC=CC=C1)/N=C/C2=CC=C(Cl)C=C2Cl,SC1=CC=CC=C1C,Clc1cc(Cl)c(C(Sc2ccccc2C)NC(c3ccccc3)=O)cc1,1.301167112
O=P1(O)OC2=C(C3=CC=C(C(C)(C)C)C=C3)C=C4C(C=CC=C4)=C2C5=C(O1)C(C6=CC=C(C(C)(C)C)C=C6)=CC7=C5C=CC=C7,O=C(C1=CC=CC=C1)/N=C/C2=CC=C(Cl)C=C2Cl,SC1CCCCC1,Clc1cc(Cl)c(C(SC2CCCCC2)NC(c3ccccc3)=O)cc1,0.682601444
O=P1(O)OC2=C(C3=CC=C(C(C)(C)C)C=C3)C=C4C(C=CC=C4)=C2C5=C(O1)C(C6=CC=C(C(C)(C)C)C=C6)=CC7=C5C=CC=C7,O=C(C1=CC=CC=C1)/N=C/C2=CC=C(OC)C=C2,CCS,COc1ccc(C(SCC)NC(c2ccccc2)=O)cc1,0.559297578
O=P1(O)OC2=C(C3=CC=C(C(C)(C)C)C=C3)C=C4C(C=CC=C4)=C2C5=C(O1)C(C6=CC=C(C(C)(C)C)C=C6)=CC7=C5C=CC=C7,O=C(C1=CC=CC=C1)/N=C/C2=CC=C(OC)C=C2,SC1=CC=C(OC)C=C1,COc1ccc(C(Sc2ccc(OC)cc2)NC(c3ccccc3)=O)cc1,1.370103771
O=P1(O)OC2=C(C3=CC=C(C(C)(C)C)C=C3)C=C4C(C=CC=C4)=C2C5=C(O1)C(C6=CC=C(C(C)(C)C)C=C6)=CC7=C5C=CC=C7,O=C(C1=CC=CC=C1)/N=C/C2=CC=C(OC)C=C2,SC1=CC=CC=C1,COc1ccc(C(Sc2ccccc2)NC(c3ccccc3)=O)cc1,0.820945045
O=P1(O)OC2=C(C3=CC=C(C(C)(C)C)C=C3)C=C4C(C=CC=C4)=C2C5=C(O1)C(C6=CC=C(C(C)(C)C)C=C6)=CC7=C5C=CC=C7,O=C(C1=CC=CC=C1)/N=C/C2=CC=C(OC)C=C2,SC1=CC=CC=C1C,COc1ccc(C(Sc2ccccc2C)NC(c3ccccc3)=O)cc1,1.301167112
O=P1(O)OC2=C(C3=CC=C(C(C)(C)C)C=C3)C=C4C(C=CC=C4)=C2C5=C(O1)C(C6=CC=C(C(C)(C)C)C=C6)=CC7=C5C=CC=C7,O=C(C1=CC=CC=C1)/N=C/C2=CC=C(OC)C=C2,SC1CCCCC1,COc1ccc(C(SC2CCCCC2)NC(c3ccccc3)=O)cc1,0.650583556
O=P1(O)OC2=C(C3=CC=C(C(C)(C)C)C=C3)C=C4C(C=CC=C4)=C2C5=C(O1)C(C6=CC=C(C(C)(C)C)C=C6)=CC7=C5C=CC=C7,O=C(C1=CC=CC=C1)/N=C/C2=CC=CC=C2,CCS,O=C(NC(SCC)c1ccccc1)c2ccccc2,0.446373616
O=P1(O)OC2=C(C3=CC=C(C(C)(C)C)C=C3)C=C4C(C=CC=C4)=C2C5=C(O1)C(C6=CC=C(C(C)(C)C)C=C6)=CC7=C5C=CC=C7,O=C(C1=CC=CC=C1)/N=C/C2=CC=CC=C2,SC1=CC=C(OC)C=C1,O=C(NC(Sc1ccc(OC)cc1)c2ccccc2)c3ccccc3,1.370103771
O=P1(O)OC2=C(C3=CC=C(C(C)(C)C)C=C3)C=C4C(C=CC=C4)=C2C5=C(O1)C(C6=CC=C(C(C)(C)C)C=C6)=CC7=C5C=CC=C7,O=C(C1=CC=CC=C1)/N=C/C2=CC=CC=C2,SC1=CC=CC=C1,O=C(NC(Sc1ccccc1)c2ccccc2)c3ccccc3,1.370103771
O=P1(O)OC2=C(C3=CC=C(C(C)(C)C)C=C3)C=C4C(C=CC=C4)=C2C5=C(O1)C(C6=CC=C(C(C)(C)C)C=C6)=CC7=C5C=CC=C7,O=C(C1=CC=CC=C1)/N=C/C2=CC=CC=C2,SC1=CC=CC=C1C,O=C(NC(Sc1ccccc1C)c2ccccc2)c3ccccc3,1.446325365
O=P1(O)OC2=C(C3=CC=C(C(C)(C)C)C=C3)C=C4C(C=CC=C4)=C2C5=C(O1)C(C6=CC=C(C(C)(C)C)C=C6)=CC7=C5C=CC=C7,O=C(C1=CC=CC=C1)/N=C/C2=CC=CC=C2,SC1CCCCC1,O=C(NC(SC1CCCCC1)c2ccccc2)c3ccccc3,0.559297578
O=P1(O)OC2=C(C3=CC=C(C(C)(C)C)C=C3)C=C4C(C=CC=C4)=C2C5=C(O1)C(C6=CC=C(C(C)(C)C)C=C6)=CC7=C5C=CC=C7,O=C(C1=CC=CC=C1)/N=C/C2=CC=CC3=C2C=CC=C3,CCS,O=C(NC(SCC)c1cccc2ccccc12)c3ccccc3,0.406036647
O=P1(O)OC2=C(C3=CC=C(C(C)(C)C)C=C3)C=C4C(C=CC=C4)=C2C5=C(O1)C(C6=CC=C(C(C)(C)C)C=C6)=CC7=C5C=CC=C7,O=C(C1=CC=CC=C1)/N=C/C2=CC=CC3=C2C=CC=C3,SC1=CC=C(OC)C=C1,O=C(NC(Sc1ccc(OC)cc1)c2cccc3ccccc23)c4ccccc4,1.17989059
O=P1(O)OC2=C(C3=CC=C(C(C)(C)C)C=C3)C=C4C(C=CC=C4)=C2C5=C(O1)C(C6=CC=C(C(C)(C)C)C=C6)=CC7=C5C=CC=C7,O=C(C1=CC=CC=C1)/N=C/C2=CC=CC3=C2C=CC=C3,SC1=CC=CC=C1,O=C(NC(Sc1ccccc1)c2cccc3ccccc23)c4ccccc4,1.027207628
O=P1(O)OC2=C(C3=CC=C(C(C)(C)C)C=C3)C=C4C(C=CC=C4)=C2C5=C(O1)C(C6=CC=C(C(C)(C)C)C=C6)=CC7=C5C=CC=C7,O=C(C1=CC=CC=C1)/N=C/C2=CC=CC3=C2C=CC=C3,SC1=CC=CC=C1C,O=C(NC(Sc1c(C)cccc1)c2cccc3ccccc23)c4ccccc4,1.238109014
O=P1(O)OC2=C(C3=CC=C(C(C)(C)C)C=C3)C=C4C(C=CC=C4)=C2C5=C(O1)C(C6=CC=C(C(C)(C)C)C=C6)=CC7=C5C=CC=C7,O=C(C1=CC=CC=C1)/N=C/C2=CC=CC3=C2C=CC=C3,SC1CCCCC1,O=C(NC(SC1CCCCC1)c2cccc3ccccc23)c4ccccc4,0.446373616
O=P1(O)OC2=C(C3=CC=C(S(F)(F)(F)(F)F)C=C3)C=C4C(C=CC=C4)=C2C5=C(O1)C(C6=CC=C(S(F)(F)(F)(F)F)C=C6)=CC7=C5C=CC=C7,O=C(C1=CC=CC=C1)/N=C/C2=CC=C(C(F)(F)F)C=C2,CCS,O=C(NC(SCC)c1ccc(C(F)(F)F)cc1)c2ccccc2,0.5302345
O=P1(O)OC2=C(C3=CC=C(S(F)(F)(F)(F)F)C=C3)C=C4C(C=CC=C4)=C2C5=C(O1)C(C6=CC=C(S(F)(F)(F)(F)F)C=C6)=CC7=C5C=CC=C7,O=C(C1=CC=CC=C1)/N=C/C2=CC=C(C(F)(F)F)C=C2,SC1=CC=C(OC)C=C1,O=C(NC(Sc1ccc(OC)cc1)c2ccc(C(F)(F)F)cc2)c3ccccc3,0.981980567
O=P1(O)OC2=C(C3=CC=C(S(F)(F)(F)(F)F)C=C3)C=C4C(C=CC=C4)=C2C5=C(O1)C(C6=CC=C(S(F)(F)(F)(F)F)C=C6)=CC7=C5C=CC=C7,O=C(C1=CC=CC=C1)/N=C/C2=CC=C(C(F)(F)F)C=C2,SC1=CC=CC=C1,O=C(NC(Sc1ccccc1)c2ccc(C(F)(F)F)cc2)c3ccccc3,1.125722444
O=P1(O)OC2=C(C3=CC=C(S(F)(F)(F)(F)F)C=C3)C=C4C(C=CC=C4)=C2C5=C(O1)C(C6=CC=C(S(F)(F)(F)(F)F)C=C6)=CC7=C5C=CC=C7,O=C(C1=CC=CC=C1)/N=C/C2=CC=C(C(F)(F)F)C=C2,SC1=CC=CC=C1C,O=C(NC(Sc1ccccc1C)c2ccc(C(F)(F)F)cc2)c3ccccc3,1.301167112
O=P1(O)OC2=C(C3=CC=C(S(F)(F)(F)(F)F)C=C3)C=C4C(C=CC=C4)=C2C5=C(O1)C(C6=CC=C(S(F)(F)(F)(F)F)C=C6)=CC7=C5C=CC=C7,O=C(C1=CC=CC=C1)/N=C/C2=CC=C(C(F)(F)F)C=C2,SC1CCCCC1,O=C(NC(SC1CCCCC1)c2ccc(C(F)(F)F)cc2)c3ccccc3,0.589002233
O=P1(O)OC2=C(C3=CC=C(S(F)(F)(F)(F)F)C=C3)C=C4C(C=CC=C4)=C2C5=C(O1)C(C6=CC=C(S(F)(F)(F)(F)F)C=C6)=CC7=C5C=CC=C7,O=C(C1=CC=CC=C1)/N=C/C2=CC=C(Cl)C=C2Cl,CCS,Clc1cc(Cl)c(C(SCC)NC(c2ccccc2)=O)cc1,0.340722979
O=P1(O)OC2=C(C3=CC=C(S(F)(F)(F)(F)F)C=C3)C=C4C(C=CC=C4)=C2C5=C(O1)C(C6=CC=C(S(F)(F)(F)(F)F)C=C6)=CC7=C5C=CC=C7,O=C(C1=CC=CC=C1)/N=C/C2=CC=C(Cl)C=C2Cl,SC1=CC=C(OC)C=C1,Clc1cc(Cl)c(C(Sc2ccc(OC)cc2)NC(c3ccccc3)=O)cc1,1.074990526
O=P1(O)OC2=C(C3=CC=C(S(F)(F)(F)(F)F)C=C3)C=C4C(C=CC=C4)=C2C5=C(O1)C(C6=CC=C(S(F)(F)(F)(F)F)C=C6)=CC7=C5C=CC=C7,O=C(C1=CC=CC=C1)/N=C/C2=CC=C(Cl)C=C2Cl,SC1=CC=CC=C1,Clc1cc(Cl)c(C(Sc2ccccc2)NC(c3ccccc3)=O)cc1,1.074990526
O=P1(O)OC2=C(C3=CC=C(S(F)(F)(F)(F)F)C=C3)C=C4C(C=CC=C4)=C2C5=C(O1)C(C6=CC=C(S(F)(F)(F)(F)F)C=C6)=CC7=C5C=CC=C7,O=C(C1=CC=CC=C1)/N=C/C2=CC=C(Cl)C=C2Cl,SC1=CC=CC=C1C,Clc1cc(Cl)c(C(Sc2ccccc2C)NC(c3ccccc3)=O)cc1,1.17989059
O=P1(O)OC2=C(C3=CC=C(S(F)(F)(F)(F)F)C=C3)C=C4C(C=CC=C4)=C2C5=C(O1)C(C6=CC=C(S(F)(F)(F)(F)F)C=C6)=CC7=C5C=CC=C7,O=C(C1=CC=CC=C1)/N=C/C2=CC=C(Cl)C=C2Cl,SC1CCCCC1,Clc1cc(Cl)c(C(SC2CCCCC2)NC(c3ccccc3)=O)cc1,0.501758501
O=P1(O)OC2=C(C3=CC=C(S(F)(F)(F)(F)F)C=C3)C=C4C(C=CC=C4)=C2C5=C(O1)C(C6=CC=C(S(F)(F)(F)(F)F)C=C6)=CC7=C5C=CC=C7,O=C(C1=CC=CC=C1)/N=C/C2=CC=C(OC)C=C2,CCS,COc1ccc(C(SCC)NC(c2ccccc2)=O)cc1,0.446373616
O=P1(O)OC2=C(C3=CC=C(S(F)(F)(F)(F)F)C=C3)C=C4C(C=CC=C4)=C2C5=C(O1)C(C6=CC=C(S(F)(F)(F)(F)F)C=C6)=CC7=C5C=CC=C7,O=C(C1=CC=CC=C1)/N=C/C2=CC=C(OC)C=C2,SC1=CC=C(OC)C=C1,COc1ccc(C(Sc2ccc(OC)cc2)NC(c3ccccc3)=O)cc1,1.17989059
O=P1(O)OC2=C(C3=CC=C(S(F)(F)(F)(F)F)C=C3)C=C4C(C=CC=C4)=C2C5=C(O1)C(C6=CC=C(S(F)(F)(F)(F)F)C=C6)=CC7=C5C=CC=C7,O=C(C1=CC=CC=C1)/N=C/C2=CC=C(OC)C=C2,SC1=CC=CC=C1,COc1ccc(C(Sc2ccccc2)NC(c3ccccc3)=O)cc1,1.238109014
O=P1(O)OC2=C(C3=CC=C(S(F)(F)(F)(F)F)C=C3)C=C4C(C=CC=C4)=C2C5=C(O1)C(C6=CC=C(S(F)(F)(F)(F)F)C=C6)=CC7=C5C=CC=C7,O=C(C1=CC=CC=C1)/N=C/C2=CC=C(OC)C=C2,SC1=CC=CC=C1C,COc1ccc(C(Sc2ccccc2C)NC(c3ccccc3)=O)cc1,1.17989059
O=P1(O)OC2=C(C3=CC=C(S(F)(F)(F)(F)F)C=C3)C=C4C(C=CC=C4)=C2C5=C(O1)C(C6=CC=C(S(F)(F)(F)(F)F)C=C6)=CC7=C5C=CC=C7,O=C(C1=CC=CC=C1)/N=C/C2=CC=C(OC)C=C2,SC1CCCCC1,COc1ccc(C(SC2CCCCC2)NC(c3ccccc3)=O)cc1,0.682601444
O=P1(O)OC2=C(C3=CC=C(S(F)(F)(F)(F)F)C=C3)C=C4C(C=CC=C4)=C2C5=C(O1)C(C6=CC=C(S(F)(F)(F)(F)F)C=C6)=CC7=C5C=CC=C7,O=C(C1=CC=CC=C1)/N=C/C2=CC=CC=C2,CCS,O=C(NC(SCC)c1ccccc1)c2ccccc2,0.589002233
O=P1(O)OC2=C(C3=CC=C(S(F)(F)(F)(F)F)C=C3)C=C4C(C=CC=C4)=C2C5=C(O1)C(C6=CC=C(S(F)(F)(F)(F)F)C=C6)=CC7=C5C=CC=C7,O=C(C1=CC=CC=C1)/N=C/C2=CC=CC=C2,SC1=CC=C(OC)C=C1,O=C(NC(Sc1ccc(OC)cc1)c2ccccc2)c3ccccc3,1.17989059
O=P1(O)OC2=C(C3=CC=C(S(F)(F)(F)(F)F)C=C3)C=C4C(C=CC=C4)=C2C5=C(O1)C(C6=CC=C(S(F)(F)(F)(F)F)C=C6)=CC7=C5C=CC=C7,O=C(C1=CC=CC=C1)/N=C/C2=CC=CC=C2,SC1=CC=CC=C1,O=C(NC(Sc1ccccc1)c2ccccc2)c3ccccc3,0.981980567
O=P1(O)OC2=C(C3=CC=C(S(F)(F)(F)(F)F)C=C3)C=C4C(C=CC=C4)=C2C5=C(O1)C(C6=CC=C(S(F)(F)(F)(F)F)C=C6)=CC7=C5C=CC=C7,O=C(C1=CC=CC=C1)/N=C/C2=CC=CC=C2,SC1=CC=CC=C1C,O=C(NC(Sc1ccccc1C)c2ccccc2)c3ccccc3,1.074990526
O=P1(O)OC2=C(C3=CC=C(S(F)(F)(F)(F)F)C=C3)C=C4C(C=CC=C4)=C2C5=C(O1)C(C6=CC=C(S(F)(F)(F)(F)F)C=C6)=CC7=C5C=CC=C7,O=C(C1=CC=CC=C1)/N=C/C2=CC=CC=C2,SC1CCCCC1,O=C(NC(SC1CCCCC1)c2ccccc2)c3ccccc3,0.559297578
O=P1(O)OC2=C(C3=CC=C(S(F)(F)(F)(F)F)C=C3)C=C4C(C=CC=C4)=C2C5=C(O1)C(C6=CC=C(S(F)(F)(F)(F)F)C=C6)=CC7=C5C=CC=C7,O=C(C1=CC=CC=C1)/N=C/C2=CC=CC3=C2C=CC=C3,CCS,O=C(NC(SCC)c1cccc2ccccc12)c3ccccc3,0.419377753
O=P1(O)OC2=C(C3=CC=C(S(F)(F)(F)(F)F)C=C3)C=C4C(C=CC=C4)=C2C5=C(O1)C(C6=CC=C(S(F)(F)(F)(F)F)C=C6)=CC7=C5C=CC=C7,O=C(C1=CC=CC=C1)/N=C/C2=CC=CC3=C2C=CC=C3,SC1=CC=C(OC)C=C1,O=C(NC(Sc1ccc(OC)cc1)c2cccc3ccccc23)c4ccccc4,1.125722444
O=P1(O)OC2=C(C3=CC=C(S(F)(F)(F)(F)F)C=C3)C=C4C(C=CC=C4)=C2C5=C(O1)C(C6=CC=C(S(F)(F)(F)(F)F)C=C6)=CC7=C5C=CC=C7,O=C(C1=CC=CC=C1)/N=C/C2=CC=CC3=C2C=CC=C3,SC1=CC=CC=C1,O=C(NC(Sc1ccccc1)c2cccc3ccccc23)c4ccccc4,1.17989059
O=P1(O)OC2=C(C3=CC=C(S(F)(F)(F)(F)F)C=C3)C=C4C(C=CC=C4)=C2C5=C(O1)C(C6=CC=C(S(F)(F)(F)(F)F)C=C6)=CC7=C5C=CC=C7,O=C(C1=CC=CC=C1)/N=C/C2=CC=CC3=C2C=CC=C3,SC1=CC=CC=C1C,O=C(NC(Sc1c(C)cccc1)c2cccc3ccccc23)c4ccccc4,1.125722444
O=P1(O)OC2=C(C3=CC=C(S(F)(F)(F)(F)F)C=C3)C=C4C(C=CC=C4)=C2C5=C(O1)C(C6=CC=C(S(F)(F)(F)(F)F)C=C6)=CC7=C5C=CC=C7,O=C(C1=CC=CC=C1)/N=C/C2=CC=CC3=C2C=CC=C3,SC1CCCCC1,O=C(NC(SC1CCCCC1)c2cccc3ccccc23)c4ccccc4,0.589002233
O=P1(O)OC2=C(C3=CC=CC=C3)C=C4C(C=CC=C4)=C2C5=C(O1)C(C6=CC=CC=C6)=CC7=C5C=CC=C7,O=C(C1=CC=CC=C1)/N=C/C2=CC=C(C(F)(F)F)C=C2,CCS,O=C(NC(SCC)c1ccc(C(F)(F)F)cc1)c2ccccc2,0.501758501
O=P1(O)OC2=C(C3=CC=CC=C3)C=C4C(C=CC=C4)=C2C5=C(O1)C(C6=CC=CC=C6)=CC7=C5C=CC=C7,O=C(C1=CC=CC=C1)/N=C/C2=CC=C(C(F)(F)F)C=C2,SC1=CC=C(OC)C=C1,O=C(NC(Sc1ccc(OC)cc1)c2ccc(C(F)(F)F)cc2)c3ccccc3,1.125722444
O=P1(O)OC2=C(C3=CC=CC=C3)C=C4C(C=CC=C4)=C2C5=C(O1)C(C6=CC=CC=C6)=CC7=C5C=CC=C7,O=C(C1=CC=CC=C1)/N=C/C2=CC=C(C(F)(F)F)C=C2,SC1=CC=CC=C1,O=C(NC(Sc1ccccc1)c2ccc(C(F)(F)F)cc2)c3ccccc3,1.17989059
O=P1(O)OC2=C(C3=CC=CC=C3)C=C4C(C=CC=C4)=C2C5=C(O1)C(C6=CC=CC=C6)=CC7=C5C=CC=C7,O=C(C1=CC=CC=C1)/N=C/C2=CC=C(C(F)(F)F)C=C2,SC1=CC=CC=C1C,O=C(NC(Sc1ccccc1C)c2ccc(C(F)(F)F)cc2)c3ccccc3,1.238109014
O=P1(O)OC2=C(C3=CC=CC=C3)C=C4C(C=CC=C4)=C2C5=C(O1)C(C6=CC=CC=C6)=CC7=C5C=CC=C7,O=C(C1=CC=CC=C1)/N=C/C2=CC=C(C(F)(F)F)C=C2,SC1CCCCC1,O=C(NC(SC1CCCCC1)c2ccc(C(F)(F)F)cc2)c3ccccc3,0.715545793
O=P1(O)OC2=C(C3=CC=CC=C3)C=C4C(C=CC=C4)=C2C5=C(O1)C(C6=CC=CC=C6)=CC7=C5C=CC=C7,O=C(C1=CC=CC=C1)/N=C/C2=CC=C(Cl)C=C2Cl,CCS,Clc1cc(Cl)c(C(SCC)NC(c2ccccc2)=O)cc1,0.392793996
O=P1(O)OC2=C(C3=CC=CC=C3)C=C4C(C=CC=C4)=C2C5=C(O1)C(C6=CC=CC=C6)=CC7=C5C=CC=C7,O=C(C1=CC=CC=C1)/N=C/C2=CC=C(Cl)C=C2Cl,SC1=CC=C(OC)C=C1,Clc1cc(Cl)c(C(Sc2ccc(OC)cc2)NC(c3ccccc3)=O)cc1,1.301167112
O=P1(O)OC2=C(C3=CC=CC=C3)C=C4C(C=CC=C4)=C2C5=C(O1)C(C6=CC=CC=C6)=CC7=C5C=CC=C7,O=C(C1=CC=CC=C1)/N=C/C2=CC=C(Cl)C=C2Cl,SC1=CC=CC=C1,Clc1cc(Cl)c(C(Sc2ccccc2)NC(c3ccccc3)=O)cc1,1.17989059
O=P1(O)OC2=C(C3=CC=CC=C3)C=C4C(C=CC=C4)=C2C5=C(O1)C(C6=CC=CC=C6)=CC7=C5C=CC=C7,O=C(C1=CC=CC=C1)/N=C/C2=CC=C(Cl)C=C2Cl,SC1=CC=CC=C1C,Clc1cc(Cl)c(C(Sc2ccccc2C)NC(c3ccccc3)=O)cc1,1.027207628
O=P1(O)OC2=C(C3=CC=CC=C3)C=C4C(C=CC=C4)=C2C5=C(O1)C(C6=CC=CC=C6)=CC7=C5C=CC=C7,O=C(C1=CC=CC=C1)/N=C/C2=CC=C(Cl)C=C2Cl,SC1CCCCC1,Clc1cc(Cl)c(C(SC2CCCCC2)NC(c3ccccc3)=O)cc1,0.559297578
O=P1(O)OC2=C(C3=CC=CC=C3)C=C4C(C=CC=C4)=C2C5=C(O1)C(C6=CC=CC=C6)=CC7=C5C=CC=C7,O=C(C1=CC=CC=C1)/N=C/C2=CC=C(OC)C=C2,CCS,COc1ccc(C(SCC)NC(c2ccccc2)=O)cc1,0.473819986
O=P1(O)OC2=C(C3=CC=CC=C3)C=C4C(C=CC=C4)=C2C5=C(O1)C(C6=CC=CC=C6)=CC7=C5C=CC=C7,O=C(C1=CC=CC=C1)/N=C/C2=CC=C(OC)C=C2,SC1=CC=C(OC)C=C1,COc1ccc(C(Sc2ccc(OC)cc2)NC(c3ccccc3)=O)cc1,1.125722444
O=P1(O)OC2=C(C3=CC=CC=C3)C=C4C(C=CC=C4)=C2C5=C(O1)C(C6=CC=CC=C6)=CC7=C5C=CC=C7,O=C(C1=CC=CC=C1)/N=C/C2=CC=C(OC)C=C2,SC1=CC=CC=C1,COc1ccc(C(Sc2ccccc2)NC(c3ccccc3)=O)cc1,1.125722444
O=P1(O)OC2=C(C3=CC=CC=C3)C=C4C(C=CC=C4)=C2C5=C(O1)C(C6=CC=CC=C6)=CC7=C5C=CC=C7,O=C(C1=CC=CC=C1)/N=C/C2=CC=C(OC)C=C2,SC1=CC=CC=C1C,COc1ccc(C(Sc2ccccc2C)NC(c3ccccc3)=O)cc1,1.125722444
O=P1(O)OC2=C(C3=CC=CC=C3)C=C4C(C=CC=C4)=C2C5=C(O1)C(C6=CC=CC=C6)=CC7=C5C=CC=C7,O=C(C1=CC=CC=C1)/N=C/C2=CC=C(OC)C=C2,SC1CCCCC1,COc1ccc(C(SC2CCCCC2)NC(c3ccccc3)=O)cc1,0.619408639
O=P1(O)OC2=C(C3=CC=CC=C3)C=C4C(C=CC=C4)=C2C5=C(O1)C(C6=CC=CC=C6)=CC7=C5C=CC=C7,O=C(C1=CC=CC=C1)/N=C/C2=CC=CC=C2,CCS,O=C(NC(SCC)c1ccccc1)c2ccccc2,0.501758501
O=P1(O)OC2=C(C3=CC=CC=C3)C=C4C(C=CC=C4)=C2C5=C(O1)C(C6=CC=CC=C6)=CC7=C5C=CC=C7,O=C(C1=CC=CC=C1)/N=C/C2=CC=CC=C2,SC1=CC=C(OC)C=C1,O=C(NC(Sc1ccc(OC)cc1)c2ccccc2)c3ccccc3,1.238109014
O=P1(O)OC2=C(C3=CC=CC=C3)C=C4C(C=CC=C4)=C2C5=C(O1)C(C6=CC=CC=C6)=CC7=C5C=CC=C7,O=C(C1=CC=CC=C1)/N=C/C2=CC=CC=C2,SC1=CC=CC=C1,O=C(NC(Sc1ccccc1)c2ccccc2)c3ccccc3,1.17989059
O=P1(O)OC2=C(C3=CC=CC=C3)C=C4C(C=CC=C4)=C2C5=C(O1)C(C6=CC=CC=C6)=CC7=C5C=CC=C7,O=C(C1=CC=CC=C1)/N=C/C2=CC=CC=C2,SC1=CC=CC=C1C,O=C(NC(Sc1ccccc1C)c2ccccc2)c3ccccc3,1.301167112
O=P1(O)OC2=C(C3=CC=CC=C3)C=C4C(C=CC=C4)=C2C5=C(O1)C(C6=CC=CC=C6)=CC7=C5C=CC=C7,O=C(C1=CC=CC=C1)/N=C/C2=CC=CC=C2,SC1CCCCC1,O=C(NC(SC1CCCCC1)c2ccccc2)c3ccccc3,0.650583556
O=P1(O)OC2=C(C3=CC=CC=C3)C=C4C(C=CC=C4)=C2C5=C(O1)C(C6=CC=CC=C6)=CC7=C5C=CC=C7,O=C(C1=CC=CC=C1)/N=C/C2=CC=CC3=C2C=CC=C3,CCS,O=C(NC(SCC)c1cccc2ccccc12)c3ccccc3,0.240111033
O=P1(O)OC2=C(C3=CC=CC=C3)C=C4C(C=CC=C4)=C2C5=C(O1)C(C6=CC=CC=C6)=CC7=C5C=CC=C7,O=C(C1=CC=CC=C1)/N=C/C2=CC=CC3=C2C=CC=C3,SC1=CC=C(OC)C=C1,O=C(NC(Sc1ccc(OC)cc1)c2cccc3ccccc23)c4ccccc4,1.074990526
O=P1(O)OC2=C(C3=CC=CC=C3)C=C4C(C=CC=C4)=C2C5=C(O1)C(C6=CC=CC=C6)=CC7=C5C=CC=C7,O=C(C1=CC=CC=C1)/N=C/C2=CC=CC3=C2C=CC=C3,SC1=CC=CC=C1,O=C(NC(Sc1ccccc1)c2cccc3ccccc23)c4ccccc4,1.238109014
O=P1(O)OC2=C(C3=CC=CC=C3)C=C4C(C=CC=C4)=C2C5=C(O1)C(C6=CC=CC=C6)=CC7=C5C=CC=C7,O=C(C1=CC=CC=C1)/N=C/C2=CC=CC3=C2C=CC=C3,SC1=CC=CC=C1C,O=C(NC(Sc1c(C)cccc1)c2cccc3ccccc23)c4ccccc4,1.125722444
O=P1(O)OC2=C(C3=CC=CC=C3)C=C4C(C=CC=C4)=C2C5=C(O1)C(C6=CC=CC=C6)=CC7=C5C=CC=C7,O=C(C1=CC=CC=C1)/N=C/C2=CC=CC3=C2C=CC=C3,SC1CCCCC1,O=C(NC(SC1CCCCC1)c2cccc3ccccc23)c4ccccc4,0.559297578
O=P1(O)OC2=C(CC3=CC(C(F)(F)F)=CC(C(F)(F)F)=C3)C=C4C(CCCC4)=C2C5=C(O1)C(CC6=CC(C(F)(F)F)=CC(C(F)(F)F)=C6)=CC7=C5CCCC7,O=C(C1=CC=CC=C1)/N=C/C2=CC=C(C(F)(F)F)C=C2,CCS,O=C(NC(SCC)c1ccc(C(F)(F)F)cc1)c2ccccc2,-0.240111033
O=P1(O)OC2=C(CC3=CC(C(F)(F)F)=CC(C(F)(F)F)=C3)C=C4C(CCCC4)=C2C5=C(O1)C(CC6=CC(C(F)(F)F)=CC(C(F)(F)F)=C6)=CC7=C5CCCC7,O=C(C1=CC=CC=C1)/N=C/C2=CC=C(C(F)(F)F)C=C2,SC1=CC=C(OC)C=C1,O=C(NC(Sc1ccc(OC)cc1)c2ccc(C(F)(F)F)cc2)c3ccccc3,0.366586769
O=P1(O)OC2=C(CC3=CC(C(F)(F)F)=CC(C(F)(F)F)=C3)C=C4C(CCCC4)=C2C5=C(O1)C(CC6=CC(C(F)(F)F)=CC(C(F)(F)F)=C6)=CC7=C5CCCC7,O=C(C1=CC=CC=C1)/N=C/C2=CC=C(C(F)(F)F)C=C2,SC1=CC=CC=C1,O=C(NC(Sc1ccccc1)c2ccc(C(F)(F)F)cc2)c3ccccc3,0.682601444
O=P1(O)OC2=C(CC3=CC(C(F)(F)F)=CC(C(F)(F)F)=C3)C=C4C(CCCC4)=C2C5=C(O1)C(CC6=CC(C(F)(F)F)=CC(C(F)(F)F)=C6)=CC7=C5CCCC7,O=C(C1=CC=CC=C1)/N=C/C2=CC=C(C(F)(F)F)C=C2,SC1=CC=CC=C1C,O=C(NC(Sc1ccccc1C)c2ccc(C(F)(F)F)cc2)c3ccccc3,0.559297578
O=P1(O)OC2=C(CC3=CC(C(F)(F)F)=CC(C(F)(F)F)=C3)C=C4C(CCCC4)=C2C5=C(O1)C(CC6=CC(C(F)(F)F)=CC(C(F)(F)F)=C6)=CC7=C5CCCC7,O=C(C1=CC=CC=C1)/N=C/C2=CC=C(C(F)(F)F)C=C2,SC1CCCCC1,O=C(NC(SC1CCCCC1)c2ccc(C(F)(F)F)cc2)c3ccccc3,-0.07114786
O=P1(O)OC2=C(CC3=CC(C(F)(F)F)=CC(C(F)(F)F)=C3)C=C4C(CCCC4)=C2C5=C(O1)C(CC6=CC(C(F)(F)F)=CC(C(F)(F)F)=C6)=CC7=C5CCCC7,O=C(C1=CC=CC=C1)/N=C/C2=CC=C(Cl)C=C2Cl,CCS,Clc1cc(Cl)c(C(SCC)NC(c2ccccc2)=O)cc1,-0.240111033
O=P1(O)OC2=C(CC3=CC(C(F)(F)F)=CC(C(F)(F)F)=C3)C=C4C(CCCC4)=C2C5=C(O1)C(CC6=CC(C(F)(F)F)=CC(C(F)(F)F)=C6)=CC7=C5CCCC7,O=C(C1=CC=CC=C1)/N=C/C2=CC=C(Cl)C=C2Cl,SC1=CC=C(OC)C=C1,Clc1cc(Cl)c(C(Sc2ccc(OC)cc2)NC(c3ccccc3)=O)cc1,0.473819986
O=P1(O)OC2=C(CC3=CC(C(F)(F)F)=CC(C(F)(F)F)=C3)C=C4C(CCCC4)=C2C5=C(O1)C(CC6=CC(C(F)(F)F)=CC(C(F)(F)F)=C6)=CC7=C5CCCC7,O=C(C1=CC=CC=C1)/N=C/C2=CC=C(Cl)C=C2Cl,SC1=CC=CC=C1,Clc1cc(Cl)c(C(Sc2ccccc2)NC(c3ccccc3)=O)cc1,0.589002233
O=P1(O)OC2=C(CC3=CC(C(F)(F)F)=CC(C(F)(F)F)=C3)C=C4C(CCCC4)=C2C5=C(O1)C(CC6=CC(C(F)(F)F)=CC(C(F)(F)F)=C6)=CC7=C5CCCC7,O=C(C1=CC=CC=C1)/N=C/C2=CC=C(Cl)C=C2Cl,SC1=CC=CC=C1C,Clc1cc(Cl)c(C(Sc2ccccc2C)NC(c3ccccc3)=O)cc1,0.619408639
O=P1(O)OC2=C(CC3=CC(C(F)(F)F)=CC(C(F)(F)F)=C3)C=C4C(CCCC4)=C2C5=C(O1)C(CC6=CC(C(F)(F)F)=CC(C(F)(F)F)=C6)=CC7=C5CCCC7,O=C(C1=CC=CC=C1)/N=C/C2=CC=C(Cl)C=C2Cl,SC1CCCCC1,Clc1cc(Cl)c(C(SC2CCCCC2)NC(c3ccccc3)=O)cc1,-0.191142101
O=P1(O)OC2=C(CC3=CC(C(F)(F)F)=CC(C(F)(F)F)=C3)C=C4C(CCCC4)=C2C5=C(O1)C(CC6=CC(C(F)(F)F)=CC(C(F)(F)F)=C6)=CC7=C5CCCC7,O=C(C1=CC=CC=C1)/N=C/C2=CC=C(OC)C=C2,CCS,COc1ccc(C(SCC)NC(c2ccccc2)=O)cc1,-0.289903935
O=P1(O)OC2=C(CC3=CC(C(F)(F)F)=CC(C(F)(F)F)=C3)C=C4C(CCCC4)=C2C5=C(O1)C(CC6=CC(C(F)(F)F)=CC(C(F)(F)F)=C6)=CC7=C5CCCC7,O=C(C1=CC=CC=C1)/N=C/C2=CC=C(OC)C=C2,SC1=CC=C(OC)C=C1,COc1ccc(C(Sc2ccc(OC)cc2)NC(c3ccccc3)=O)cc1,0.650583556
O=P1(O)OC2=C(CC3=CC(C(F)(F)F)=CC(C(F)(F)F)=C3)C=C4C(CCCC4)=C2C5=C(O1)C(CC6=CC(C(F)(F)F)=CC(C(F)(F)F)=C6)=CC7=C5CCCC7,O=C(C1=CC=CC=C1)/N=C/C2=CC=C(OC)C=C2,SC1=CC=CC=C1,COc1ccc(C(Sc2ccccc2)NC(c3ccccc3)=O)cc1,0.650583556
O=P1(O)OC2=C(CC3=CC(C(F)(F)F)=CC(C(F)(F)F)=C3)C=C4C(CCCC4)=C2C5=C(O1)C(CC6=CC(C(F)(F)F)=CC(C(F)(F)F)=C6)=CC7=C5CCCC7,O=C(C1=CC=CC=C1)/N=C/C2=CC=C(OC)C=C2,SC1=CC=CC=C1C,COc1ccc(C(Sc2ccccc2C)NC(c3ccccc3)=O)cc1,0.5302345
O=P1(O)OC2=C(CC3=CC(C(F)(F)F)=CC(C(F)(F)F)=C3)C=C4C(CCCC4)=C2C5=C(O1)C(CC6=CC(C(F)(F)F)=CC(C(F)(F)F)=C6)=CC7=C5CCCC7,O=C(C1=CC=CC=C1)/N=C/C2=CC=C(OC)C=C2,SC1CCCCC1,COc1ccc(C(SC2CCCCC2)NC(c3ccccc3)=O)cc1,-0.215535446
O=P1(O)OC2=C(CC3=CC(C(F)(F)F)=CC(C(F)(F)F)=C3)C=C4C(CCCC4)=C2C5=C(O1)C(CC6=CC(C(F)(F)F)=CC(C(F)(F)F)=C6)=CC7=C5CCCC7,O=C(C1=CC=CC=C1)/N=C/C2=CC=CC=C2,CCS,O=C(NC(SCC)c1ccccc1)c2ccccc2,-0.366586769
O=P1(O)OC2=C(CC3=CC(C(F)(F)F)=CC(C(F)(F)F)=C3)C=C4C(CCCC4)=C2C5=C(O1)C(CC6=CC(C(F)(F)F)=CC(C(F)(F)F)=C6)=CC7=C5CCCC7,O=C(C1=CC=CC=C1)/N=C/C2=CC=CC=C2,SC1=CC=C(OC)C=C1,O=C(NC(Sc1ccc(OC)cc1)c2ccccc2)c3ccccc3,0.559297578
O=P1(O)OC2=C(CC3=CC(C(F)(F)F)=CC(C(F)(F)F)=C3)C=C4C(CCCC4)=C2C5=C(O1)C(CC6=CC(C(F)(F)F)=CC(C(F)(F)F)=C6)=CC7=C5CCCC7,O=C(C1=CC=CC=C1)/N=C/C2=CC=CC=C2,SC1=CC=CC=C1,O=C(NC(Sc1ccccc1)c2ccccc2)c3ccccc3,0.559297578
O=P1(O)OC2=C(CC3=CC(C(F)(F)F)=CC(C(F)(F)F)=C3)C=C4C(CCCC4)=C2C5=C(O1)C(CC6=CC(C(F)(F)F)=CC(C(F)(F)F)=C6)=CC7=C5CCCC7,O=C(C1=CC=CC=C1)/N=C/C2=CC=CC=C2,SC1=CC=CC=C1C,O=C(NC(Sc1ccccc1C)c2ccccc2)c3ccccc3,0.340722979
O=P1(O)OC2=C(CC3=CC(C(F)(F)F)=CC(C(F)(F)F)=C3)C=C4C(CCCC4)=C2C5=C(O1)C(CC6=CC(C(F)(F)F)=CC(C(F)(F)F)=C6)=CC7=C5CCCC7,O=C(C1=CC=CC=C1)/N=C/C2=CC=CC=C2,SC1CCCCC1,O=C(NC(SC1CCCCC1)c2ccccc2)c3ccccc3,-0.118834511
O=P1(O)OC2=C(CC3=CC(C(F)(F)F)=CC(C(F)(F)F)=C3)C=C4C(CCCC4)=C2C5=C(O1)C(CC6=CC(C(F)(F)F)=CC(C(F)(F)F)=C6)=CC7=C5CCCC7,O=C(C1=CC=CC=C1)/N=C/C2=CC=CC3=C2C=CC=C3,CCS,O=C(NC(SCC)c1cccc2ccccc12)c3ccccc3,-0.166908496
O=P1(O)OC2=C(CC3=CC(C(F)(F)F)=CC(C(F)(F)F)=C3)C=C4C(CCCC4)=C2C5=C(O1)C(CC6=CC(C(F)(F)F)=CC(C(F)(F)F)=C6)=CC7=C5CCCC7,O=C(C1=CC=CC=C1)/N=C/C2=CC=CC3=C2C=CC=C3,SC1=CC=C(OC)C=C1,O=C(NC(Sc1ccc(OC)cc1)c2cccc3ccccc23)c4ccccc4,0.589002233
O=P1(O)OC2=C(CC3=CC(C(F)(F)F)=CC(C(F)(F)F)=C3)C=C4C(CCCC4)=C2C5=C(O1)C(CC6=CC(C(F)(F)F)=CC(C(F)(F)F)=C6)=CC7=C5CCCC7,O=C(C1=CC=CC=C1)/N=C/C2=CC=CC3=C2C=CC=C3,SC1=CC=CC=C1,O=C(NC(Sc1ccccc1)c2cccc3ccccc23)c4ccccc4,0.619408639
O=P1(O)OC2=C(CC3=CC(C(F)(F)F)=CC(C(F)(F)F)=C3)C=C4C(CCCC4)=C2C5=C(O1)C(CC6=CC(C(F)(F)F)=CC(C(F)(F)F)=C6)=CC7=C5CCCC7,O=C(C1=CC=CC=C1)/N=C/C2=CC=CC3=C2C=CC=C3,SC1=CC=CC=C1C,O=C(NC(Sc1c(C)cccc1)c2cccc3ccccc23)c4ccccc4,0.264892334
O=P1(O)OC2=C(CC3=CC(C(F)(F)F)=CC(C(F)(F)F)=C3)C=C4C(CCCC4)=C2C5=C(O1)C(CC6=CC(C(F)(F)F)=CC(C(F)(F)F)=C6)=CC7=C5CCCC7,O=C(C1=CC=CC=C1)/N=C/C2=CC=CC3=C2C=CC=C3,SC1CCCCC1,O=C(NC(SC1CCCCC1)c2cccc3ccccc23)c4ccccc4,-0.315171704
O=P1(O)OC2=C(CC3=CC=C(C(F)(F)F)C=C3C(F)(F)F)C=C4C(C=CC=C4)=C2C5=C(O1)C(CC6=C(C(F)(F)F)C=C(C(F)(F)F)C=C6)=CC7=C5C=CC=C7,O=C(C1=CC=CC=C1)/N=C/C2=CC=C(C(F)(F)F)C=C2,CCS,O=C(NC(SCC)c1ccc(C(F)(F)F)cc1)c2ccccc2,-0.215535446
O=P1(O)OC2=C(CC3=CC=C(C(F)(F)F)C=C3C(F)(F)F)C=C4C(C=CC=C4)=C2C5=C(O1)C(CC6=C(C(F)(F)F)C=C(C(F)(F)F)C=C6)=CC7=C5C=CC=C7,O=C(C1=CC=CC=C1)/N=C/C2=CC=C(C(F)(F)F)C=C2,SC1=CC=C(OC)C=C1,O=C(NC(Sc1ccc(OC)cc1)c2ccc(C(F)(F)F)cc2)c3ccccc3,0.240111033
O=P1(O)OC2=C(CC3=CC=C(C(F)(F)F)C=C3C(F)(F)F)C=C4C(C=CC=C4)=C2C5=C(O1)C(CC6=C(C(F)(F)F)C=C(C(F)(F)F)C=C6)=CC7=C5C=CC=C7,O=C(C1=CC=CC=C1)/N=C/C2=CC=C(C(F)(F)F)C=C2,SC1=CC=CC=C1,O=C(NC(Sc1ccccc1)c2ccc(C(F)(F)F)cc2)c3ccccc3,0.515926322
O=P1(O)OC2=C(CC3=CC=C(C(F)(F)F)C=C3C(F)(F)F)C=C4C(C=CC=C4)=C2C5=C(O1)C(CC6=C(C(F)(F)F)C=C(C(F)(F)F)C=C6)=CC7=C5C=CC=C7,O=C(C1=CC=CC=C1)/N=C/C2=CC=C(C(F)(F)F)C=C2,SC1=CC=CC=C1C,O=C(NC(Sc1ccccc1C)c2ccc(C(F)(F)F)cc2)c3ccccc3,0.264892334
O=P1(O)OC2=C(CC3=CC=C(C(F)(F)F)C=C3C(F)(F)F)C=C4C(C=CC=C4)=C2C5=C(O1)C(CC6=C(C(F)(F)F)C=C(C(F)(F)F)C=C6)=CC7=C5C=CC=C7,O=C(C1=CC=CC=C1)/N=C/C2=CC=C(C(F)(F)F)C=C2,SC1CCCCC1,O=C(NC(SC1CCCCC1)c2ccc(C(F)(F)F)cc2)c3ccccc3,-0.083041947
O=P1(O)OC2=C(CC3=CC=C(C(F)(F)F)C=C3C(F)(F)F)C=C4C(C=CC=C4)=C2C5=C(O1)C(CC6=C(C(F)(F)F)C=C(C(F)(F)F)C=C6)=CC7=C5C=CC=C7,O=C(C1=CC=CC=C1)/N=C/C2=CC=C(Cl)C=C2Cl,CCS,Clc1cc(Cl)c(C(SCC)NC(c2ccccc2)=O)cc1,-0.264892334
O=P1(O)OC2=C(CC3=CC=C(C(F)(F)F)C=C3C(F)(F)F)C=C4C(C=CC=C4)=C2C5=C(O1)C(CC6=C(C(F)(F)F)C=C(C(F)(F)F)C=C6)=CC7=C5C=CC=C7,O=C(C1=CC=CC=C1)/N=C/C2=CC=C(Cl)C=C2Cl,SC1=CC=C(OC)C=C1,Clc1cc(Cl)c(C(Sc2ccc(OC)cc2)NC(c3ccccc3)=O)cc1,0.392793996
O=P1(O)OC2=C(CC3=CC=C(C(F)(F)F)C=C3C(F)(F)F)C=C4C(C=CC=C4)=C2C5=C(O1)C(CC6=C(C(F)(F)F)C=C(C(F)(F)F)C=C6)=CC7=C5C=CC=C7,O=C(C1=CC=CC=C1)/N=C/C2=CC=C(Cl)C=C2Cl,SC1=CC=CC=C1,Clc1cc(Cl)c(C(Sc2ccccc2)NC(c3ccccc3)=O)cc1,0.315171704
O=P1(O)OC2=C(CC3=CC=C(C(F)(F)F)C=C3C(F)(F)F)C=C4C(C=CC=C4)=C2C5=C(O1)C(CC6=C(C(F)(F)F)C=C(C(F)(F)F)C=C6)=CC7=C5C=CC=C7,O=C(C1=CC=CC=C1)/N=C/C2=CC=C(Cl)C=C2Cl,SC1=CC=CC=C1C,Clc1cc(Cl)c(C(Sc2ccccc2C)NC(c3ccccc3)=O)cc1,0.240111033
O=P1(O)OC2=C(CC3=CC=C(C(F)(F)F)C=C3C(F)(F)F)C=C4C(C=CC=C4)=C2C5=C(O1)C(CC6=C(C(F)(F)F)C=C(C(F)(F)F)C=C6)=CC7=C5C=CC=C7,O=C(C1=CC=CC=C1)/N=C/C2=CC=C(Cl)C=C2Cl,SC1CCCCC1,Clc1cc(Cl)c(C(SC2CCCCC2)NC(c3ccccc3)=O)cc1,-0.166908496
O=P1(O)OC2=C(CC3=CC=C(C(F)(F)F)C=C3C(F)(F)F)C=C4C(C=CC=C4)=C2C5=C(O1)C(CC6=C(C(F)(F)F)C=C(C(F)(F)F)C=C6)=CC7=C5C=CC=C7,O=C(C1=CC=CC=C1)/N=C/C2=CC=C(OC)C=C2,CCS,COc1ccc(C(SCC)NC(c2ccccc2)=O)cc1,-0.191142101
O=P1(O)OC2=C(CC3=CC=C(C(F)(F)F)C=C3C(F)(F)F)C=C4C(C=CC=C4)=C2C5=C(O1)C(CC6=C(C(F)(F)F)C=C(C(F)(F)F)C=C6)=CC7=C5C=CC=C7,O=C(C1=CC=CC=C1)/N=C/C2=CC=C(OC)C=C2,SC1=CC=C(OC)C=C1,COc1ccc(C(Sc2ccc(OC)cc2)NC(c3ccccc3)=O)cc1,0.264892334
O=P1(O)OC2=C(CC3=CC=C(C(F)(F)F)C=C3C(F)(F)F)C=C4C(C=CC=C4)=C2C5=C(O1)C(CC6=C(C(F)(F)F)C=C(C(F)(F)F)C=C6)=CC7=C5C=CC=C7,O=C(C1=CC=CC=C1)/N=C/C2=CC=C(OC)C=C2,SC1=CC=CC=C1,COc1ccc(C(Sc2ccccc2)NC(c3ccccc3)=O)cc1,0.191142101
O=P1(O)OC2=C(CC3=CC=C(C(F)(F)F)C=C3C(F)(F)F)C=C4C(C=CC=C4)=C2C5=C(O1)C(CC6=C(C(F)(F)F)C=C(C(F)(F)F)C=C6)=CC7=C5C=CC=C7,O=C(C1=CC=CC=C1)/N=C/C2=CC=C(OC)C=C2,SC1=CC=CC=C1C,COc1ccc(C(Sc2ccccc2C)NC(c3ccccc3)=O)cc1,0.166908496
O=P1(O)OC2=C(CC3=CC=C(C(F)(F)F)C=C3C(F)(F)F)C=C4C(C=CC=C4)=C2C5=C(O1)C(CC6=C(C(F)(F)F)C=C(C(F)(F)F)C=C6)=CC7=C5C=CC=C7,O=C(C1=CC=CC=C1)/N=C/C2=CC=C(OC)C=C2,SC1CCCCC1,COc1ccc(C(SC2CCCCC2)NC(c3ccccc3)=O)cc1,-0.047400225
O=P1(O)OC2=C(CC3=CC=C(C(F)(F)F)C=C3C(F)(F)F)C=C4C(C=CC=C4)=C2C5=C(O1)C(CC6=C(C(F)(F)F)C=C(C(F)(F)F)C=C6)=CC7=C5C=CC=C7,O=C(C1=CC=CC=C1)/N=C/C2=CC=CC=C2,CCS,O=C(NC(SCC)c1ccccc1)c2ccccc2,-0.118834511
O=P1(O)OC2=C(CC3=CC=C(C(F)(F)F)C=C3C(F)(F)F)C=C4C(C=CC=C4)=C2C5=C(O1)C(CC6=C(C(F)(F)F)C=C(C(F)(F)F)C=C6)=CC7=C5C=CC=C7,O=C(C1=CC=CC=C1)/N=C/C2=CC=CC=C2,SC1=CC=C(OC)C=C1,O=C(NC(Sc1ccc(OC)cc1)c2ccccc2)c3ccccc3,0.366586769
O=P1(O)OC2=C(CC3=CC=C(C(F)(F)F)C=C3C(F)(F)F)C=C4C(C=CC=C4)=C2C5=C(O1)C(CC6=C(C(F)(F)F)C=C(C(F)(F)F)C=C6)=CC7=C5C=CC=C7,O=C(C1=CC=CC=C1)/N=C/C2=CC=CC=C2,SC1=CC=CC=C1,O=C(NC(Sc1ccccc1)c2ccccc2)c3ccccc3,0.366586769
O=P1(O)OC2=C(CC3=CC=C(C(F)(F)F)C=C3C(F)(F)F)C=C4C(C=CC=C4)=C2C5=C(O1)C(CC6=C(C(F)(F)F)C=C(C(F)(F)F)C=C6)=CC7=C5C=CC=C7,O=C(C1=CC=CC=C1)/N=C/C2=CC=CC=C2,SC1=CC=CC=C1C,O=C(NC(Sc1ccccc1C)c2ccccc2)c3ccccc3,0.302504127
O=P1(O)OC2=C(CC3=CC=C(C(F)(F)F)C=C3C(F)(F)F)C=C4C(C=CC=C4)=C2C5=C(O1)C(CC6=C(C(F)(F)F)C=C(C(F)(F)F)C=C6)=CC7=C5C=CC=C7,O=C(C1=CC=CC=C1)/N=C/C2=CC=CC=C2,SC1CCCCC1,O=C(NC(SC1CCCCC1)c2ccccc2)c3ccccc3,-0.142812956
O=P1(O)OC2=C(CC3=CC=C(C(F)(F)F)C=C3C(F)(F)F)C=C4C(C=CC=C4)=C2C5=C(O1)C(CC6=C(C(F)(F)F)C=C(C(F)(F)F)C=C6)=CC7=C5C=CC=C7,O=C(C1=CC=CC=C1)/N=C/C2=CC=CC3=C2C=CC=C3,CCS,O=C(NC(SCC)c1cccc2ccccc12)c3ccccc3,-0.191142101
O=P1(O)OC2=C(CC3=CC=C(C(F)(F)F)C=C3C(F)(F)F)C=C4C(C=CC=C4)=C2C5=C(O1)C(CC6=C(C(F)(F)F)C=C(C(F)(F)F)C=C6)=CC7=C5C=CC=C7,O=C(C1=CC=CC=C1)/N=C/C2=CC=CC3=C2C=CC=C3,SC1=CC=C(OC)C=C1,O=C(NC(Sc1ccc(OC)cc1)c2cccc3ccccc23)c4ccccc4,0.142812956
O=P1(O)OC2=C(CC3=CC=C(C(F)(F)F)C=C3C(F)(F)F)C=C4C(C=CC=C4)=C2C5=C(O1)C(CC6=C(C(F)(F)F)C=C(C(F)(F)F)C=C6)=CC7=C5C=CC=C7,O=C(C1=CC=CC=C1)/N=C/C2=CC=CC3=C2C=CC=C3,SC1=CC=CC=C1,O=C(NC(Sc1ccccc1)c2cccc3ccccc23)c4ccccc4,0.5302345
O=P1(O)OC2=C(CC3=CC=C(C(F)(F)F)C=C3C(F)(F)F)C=C4C(C=CC=C4)=C2C5=C(O1)C(CC6=C(C(F)(F)F)C=C(C(F)(F)F)C=C6)=CC7=C5C=CC=C7,O=C(C1=CC=CC=C1)/N=C/C2=CC=CC3=C2C=CC=C3,SC1=CC=CC=C1C,O=C(NC(Sc1c(C)cccc1)c2cccc3ccccc23)c4ccccc4,0.118834511
O=P1(O)OC2=C(CC3=CC=C(C(F)(F)F)C=C3C(F)(F)F)C=C4C(C=CC=C4)=C2C5=C(O1)C(CC6=C(C(F)(F)F)C=C(C(F)(F)F)C=C6)=CC7=C5C=CC=C7,O=C(C1=CC=CC=C1)/N=C/C2=CC=CC3=C2C=CC=C3,SC1CCCCC1,O=C(NC(SC1CCCCC1)c2cccc3ccccc23)c4ccccc4,0.023690626
